none,phi4_ab1p_psg_batch,0,3512,92.87,6a1b_py_sketch_generator,,0,665,failure,0.0,4177,6a1b5482,psg,phi4-ab1
none,phi4_ab1p_psg_batch,0,1844,36.59,8e81_py_sketch_generator,,0,266,success,0.0,2110,8e81586d,psg,phi4-ab1
none,phi4_ab1p_psg_batch,0,3726,73.71,a868_py_sketch_generator,,0,665,success,0.0,4391,a868259e,psg,phi4-ab1
none,phi4_ab1p_psg_batch,0,3746,74.34,5983_py_sketch_generator,,0,665,failure,0.0,4411,59838a83,psg,phi4-ab1
none,phi4_ab1p_psg_batch,0,3262,64.82,7aa2_py_sketch_generator,,0,665,failure,0.0,3927,7aa2dd84,psg,phi4-ab1
none,phi4_ab1p_psg_batch,0,2197,43.94,0009_py_sketch_generator,,0,399,success,0.0,2596,00090417,psg,phi4-ab1
none,phi4_ab1p_psg_batch,0,3579,71.19,fc7b_py_sketch_generator,,0,665,failure,0.0,4244,fc7b1172,psg,phi4-ab1
none,phi4_ab1p_psg_batch,0,3854,76.65,fdb7_py_sketch_generator,,0,665,success,0.0,4519,fdb71e07,psg,phi4-ab1
none,phi4_ab1p_psg_batch,0,4182,83.35,6d91_py_sketch_generator,,0,665,failure,0.0,4847,6d913adc,psg,phi4-ab1
none,phi4_ab1p_psg_batch,0,3619,71.76,da06_py_sketch_generator,,0,665,failure,0.0,4284,da06968e,psg,phi4-ab1
none,phi4_ab1p_psg_batch,0,3730,73.86,d04e_py_sketch_generator,,0,665,failure,0.0,4395,d04e68f1,psg,phi4-ab1
none,phi4_ab1p_psg_batch,0,2444,48.43,78b9_py_sketch_generator,,0,399,success,0.0,2843,78b9e9f7,psg,phi4-ab1
none,phi4_ab1p_psg_batch,0,2140,42.33,1eb2_py_sketch_generator,,0,399,success,0.0,2539,1eb27c90,psg,phi4-ab1
none,phi4_ab1p_psg_batch,0,3773,75.17,d1f1_py_sketch_generator,,0,665,failure,0.0,4438,d1f17d57,psg,phi4-ab1
none,phi4_ab1p_psg_batch,0,3764,74.67,2ed7_py_sketch_generator,,0,665,failure,0.0,4429,2ed7c13b,psg,phi4-ab1
none,phi4_ab1p_psg_batch,0,3506,69.4,e89e_py_sketch_generator,,0,665,failure,0.0,4171,e89eed4d,psg,phi4-ab1
none,phi4_ab1p_psg_batch,0,3037,60.05,4f58_py_sketch_generator,,0,532,success,0.0,3569,4f58601f,psg,phi4-ab1
none,phi4_ab1p_psg_batch,0,3536,70.24,e697_py_sketch_generator,,0,665,failure,0.0,4201,e6975aff,psg,phi4-ab1
none,phi4_ab1p_psg_batch,0,1929,38.44,2448_py_sketch_generator,,0,266,success,0.0,2195,2448f846,psg,phi4-ab1
none,phi4_ab1p_psg_batch,0,1467,29.04,d358_py_sketch_generator,,0,266,success,0.0,1733,d35820a4,psg,phi4-ab1
none,phi4_ab1p_psg_batch,0,3904,77.16,3f41_py_sketch_generator,,0,665,failure,0.0,4569,3f4175d0,psg,phi4-ab1
none,phi4_ab1p_psg_batch,0,2404,47.7,7234_py_sketch_generator,,0,399,success,0.0,2803,7234c2bc,psg,phi4-ab1
none,phi4_ab1p_psg_batch,0,2297,45.97,040f_py_sketch_generator,,0,399,success,0.0,2696,040ff861,psg,phi4-ab1
none,phi4_ab1p_psg_batch,0,2537,50.35,f923_py_sketch_generator,,0,532,success,0.0,3069,f9230235,psg,phi4-ab1
none,phi4_ab1p_psg_batch,0,3561,70.87,c2a0_py_sketch_generator,,0,665,success,0.0,4226,c2a06627,psg,phi4-ab1
none,phi4_ab1p_psg_batch,0,3694,73.59,974f_py_sketch_generator,,0,665,failure,0.0,4359,974f0cc0,psg,phi4-ab1
none,phi4_ab1p_psg_batch,0,2385,47.62,3878_py_sketch_generator,,0,399,success,0.0,2784,3878e5ff,psg,phi4-ab1
none,phi4_ab1p_psg_batch,0,3788,75.13,424a_py_sketch_generator,,0,665,failure,0.0,4453,424acae5,psg,phi4-ab1
none,phi4_ab1p_psg_batch,0,3934,78.03,a1e8_py_sketch_generator,,0,665,failure,0.0,4599,a1e85b57,psg,phi4-ab1
none,phi4_ab1p_psg_batch,0,696,13.95,1730_py_sketch_generator,,0,133,success,0.0,829,1730d777,psg,phi4-ab1
none,phi4_ab1p_tpusg_batch,0,4320,114.42,e868_tpu_sketch_generator,,0,805,success,0.0,5125,e868e984,tpusg,phi4-ab1
none,phi4_ab1p_tpusg_batch,0,2333,48.11,75f0_tpu_sketch_generator,,0,483,success,0.0,2816,75f054df,tpusg,phi4-ab1
none,phi4_ab1p_tpusg_batch,0,4026,83.1,f285_tpu_sketch_generator,,0,805,failure,0.0,4831,f2854505,tpusg,phi4-ab1
none,phi4_ab1p_tpusg_batch,0,1556,32.47,c318_tpu_sketch_generator,,0,322,success,0.0,1878,c31864d2,tpusg,phi4-ab1
none,phi4_ab1p_tpusg_batch,0,3689,75.89,d9a3_tpu_sketch_generator,,0,805,failure,0.0,4494,d9a39b6f,tpusg,phi4-ab1
none,phi4_ab1p_tpusg_batch,0,815,16.85,3496_tpu_sketch_generator,,0,161,success,0.0,976,3496ca6d,tpusg,phi4-ab1
none,phi4_ab1p_tpusg_batch,0,2432,50.45,85c0_tpu_sketch_generator,,0,483,success,0.0,2915,85c04775,tpusg,phi4-ab1
none,phi4_ab1p_tpusg_batch,0,3589,72.59,1eac_tpu_sketch_generator,,0,805,failure,0.0,4394,1eace78b,tpusg,phi4-ab1
none,phi4_ab1p_tpusg_batch,0,3827,71.07,9e04_tpu_sketch_generator,,0,805,failure,0.0,4632,9e04164c,tpusg,phi4-ab1
none,phi4_ab1p_tpusg_batch,0,4086,76.7,804d_tpu_sketch_generator,,0,805,failure,0.0,4891,804dc9a6,tpusg,phi4-ab1
none,phi4_ab1p_tpusg_batch,0,3762,71.33,542e_tpu_sketch_generator,,0,805,failure,0.0,4567,542e83dd,tpusg,phi4-ab1
none,phi4_ab1p_tpusg_batch,0,3856,72.12,3352_tpu_sketch_generator,,0,805,failure,0.0,4661,33528ce8,tpusg,phi4-ab1
none,phi4_ab1p_tpusg_batch,0,4107,76.83,b165_tpu_sketch_generator,,0,805,success,0.0,4912,b165a5bb,tpusg,phi4-ab1
none,phi4_ab1p_tpusg_batch,0,4159,78.33,f6b8_tpu_sketch_generator,,0,805,failure,0.0,4964,f6b8fa0c,tpusg,phi4-ab1
none,phi4_ab1p_tpusg_batch,0,2783,52.84,a5b6_tpu_sketch_generator,,0,644,success,0.0,3427,a5b64fe0,tpusg,phi4-ab1
none,phi4_ab1p_tpusg_batch,0,1555,29.52,05de_tpu_sketch_generator,,0,322,success,0.0,1877,05de57ce,tpusg,phi4-ab1
none,phi4_ab1p_tpusg_batch,0,3961,76.5,46d9_tpu_sketch_generator,,0,805,failure,0.0,4766,46d9e1e4,tpusg,phi4-ab1
none,phi4_ab1p_tpusg_batch,0,3307,62.07,ba53_tpu_sketch_generator,,0,805,failure,0.0,4112,ba53810e,tpusg,phi4-ab1
none,phi4_ab1p_tpusg_batch,0,4200,78.78,d0bb_tpu_sketch_generator,,0,805,failure,0.0,5005,d0bb4b79,tpusg,phi4-ab1
none,phi4_ab1p_tpusg_batch,0,3902,73.09,9ef9_tpu_sketch_generator,,0,805,failure,0.0,4707,9ef9ac4a,tpusg,phi4-ab1
none,phi4_ab1p_tpusg_batch,0,3852,71.95,54c8_tpu_sketch_generator,,0,805,failure,0.0,4657,54c8f55b,tpusg,phi4-ab1
none,phi4_ab1p_tpusg_batch,0,4431,83.0,1b82_tpu_sketch_generator,,0,805,failure,0.0,5236,1b82299c,tpusg,phi4-ab1
none,phi4_ab1p_tpusg_batch,0,4148,85.07,0dc2_tpu_sketch_generator,,0,805,failure,0.0,4953,0dc2bfbc,tpusg,phi4-ab1
none,phi4_ab1p_tpusg_batch,0,3074,62.99,3a79_tpu_sketch_generator,,0,644,success,0.0,3718,3a79ad28,tpusg,phi4-ab1
none,phi4_ab1p_tpusg_batch,0,854,18.51,0372_tpu_sketch_generator,,0,161,success,0.0,1015,0372a7e8,tpusg,phi4-ab1
none,phi4_ab1p_tpusg_batch,0,2696,55.62,7eff_tpu_sketch_generator,,0,644,success,0.0,3340,7eff6e83,tpusg,phi4-ab1
none,phi4_ab1p_tpusg_batch,0,4354,90.12,5cc0_tpu_sketch_generator,,0,805,failure,0.0,5159,5cc0d0d2,tpusg,phi4-ab1
none,phi4_ab1p_tpusg_batch,0,4180,86.13,3f4a_tpu_sketch_generator,,0,805,failure,0.0,4985,3f4a7455,tpusg,phi4-ab1
none,phi4_ab1p_tpusg_batch,0,2282,46.92,cb4e_tpu_sketch_generator,,0,483,success,0.0,2765,cb4eefb5,tpusg,phi4-ab1
none,phi4_ab1p_tpusg_batch,0,3868,79.7,f74b_tpu_sketch_generator,,0,805,failure,0.0,4673,f74bd75e,tpusg,phi4-ab1
36c2_sketch_generator,,0,2140,failure,0.0,6606,36c26d1b,sg,phi4-ab1
none,phi4_ab1p_sg_batch,0,5248,110.06,9ad3_sketch_generator,,0,2045,failure,0.0,7293,9ad37ed7,sg,phi4-ab1
none,phi4_ab1p_sg_batch,0,4821,100.66,6e43_sketch_generator,,0,1745,failure,0.0,6566,6e43fd91,sg,phi4-ab1
none,phi4_ab1p_sg_batch,0,4798,99.43,2561_sketch_generator,,0,1955,failure,0.0,6753,2561a8d9,sg,phi4-ab1
none,phi4_ab1p_sg_batch,0,4644,88.63,89d3_sketch_generator,,0,1760,failure,0.0,6404,89d376e5,sg,phi4-ab1
none,phi4_ab1p_sg_batch,0,4904,93.25,fb49_sketch_generator,,0,1780,failure,0.0,6684,fb4974dc,sg,phi4-ab1
none,phi4_ab1p_sg_batch,0,4743,89.75,a499_sketch_generator,,0,1650,failure,0.0,6393,a4998881,sg,phi4-ab1
none,phi4_ab1p_sg_batch,0,4695,89.03,4033_sketch_generator,,0,1840,failure,0.0,6535,4033395c,sg,phi4-ab1
none,phi4_ab1p_sg_batch,0,4344,83.15,68b8_sketch_generator,,0,2000,failure,0.0,6344,68b8f1a3,sg,phi4-ab1
none,phi4_ab1p_sg_batch,0,4964,94.03,3e76_sketch_generator,,0,1860,failure,0.0,6824,3e76828b,sg,phi4-ab1
none,phi4_ab1p_sg_batch,0,4333,82.34,daab_sketch_generator,,0,1930,failure,0.0,6263,daab922b,sg,phi4-ab1
none,phi4_ab1p_sg_batch,0,5139,97.45,bbbc_sketch_generator,,0,1765,failure,0.0,6904,bbbc166b,sg,phi4-ab1
none,phi4_ab1p_sg_batch,0,4942,94.13,3816_sketch_generator,,0,2225,failure,0.0,7167,3816969a,sg,phi4-ab1
none,phi4_ab1p_sg_batch,0,4687,89.33,ad89_sketch_generator,,0,2080,failure,0.0,6767,ad898405,sg,phi4-ab1
none,phi4_ab1p_sg_batch,0,4807,93.89,d99a_sketch_generator,,0,1835,failure,0.0,6642,d99ad05c,sg,phi4-ab1
none,phi4_ab1p_sg_batch,0,4383,92.21,8ced_sketch_generator,,0,2015,failure,0.0,6398,8ceda40f,sg,phi4-ab1
none,phi4_ab1p_sg_batch,0,4747,99.2,1636_sketch_generator,,0,1865,failure,0.0,6612,16362157,sg,phi4-ab1
none,phi4_ab1p_sg_batch,0,4268,90.2,a6ed_sketch_generator,,0,1740,failure,0.0,6008,a6ed650b,sg,phi4-ab1
none,phi4_ab1p_sg_batch,0,4145,87.17,d27a_sketch_generator,,0,1780,failure,0.0,5925,d27a367f,sg,phi4-ab1
none,phi4_ab1p_sg_batch,0,4176,80.28,0105_sketch_generator,,0,1765,failure,0.0,5941,01050e1d,sg,phi4-ab1
none,phi4_ab1p_sg_batch,0,4650,88.62,9437_sketch_generator,,0,1670,failure,0.0,6320,9437f34c,sg,phi4-ab1
none,phi4_ab1p_sg_batch,0,4869,92.95,3bef_sketch_generator,,0,2320,failure,0.0,7189,3bef6927,sg,phi4-ab1
none,phi4_ab1p_sg_batch,0,4157,78.95,7f6d_sketch_generator,,0,1775,failure,0.0,5932,7f6dedf2,sg,phi4-ab1
none,phi4_ab1p_sg_batch,0,4868,92.9,282e_sketch_generator,,0,1750,failure,0.0,6618,282e0ef3,sg,phi4-ab1
none,phi4_ab1p_sg_batch,0,4949,96.39,2de1_sketch_generator,,0,1650,failure,0.0,6599,2de16b2e,sg,phi4-ab1
none,phi4_ab1p_sg_batch,0,4381,86.35,a488_sketch_generator,,0,2165,failure,0.0,6546,a4887514,sg,phi4-ab1
none,phi4_ab1p_sg_batch,0,4364,85.11,ba17_sketch_generator,,0,1610,failure,0.0,5974,ba1781fa,sg,phi4-ab1
none,phi4_ab1p_sg_batch,0,4701,91.96,849b_sketch_generator,,0,1685,failure,0.0,6386,849bac74,sg,phi4-ab1
none,phi4_ab1p_sg_batch,0,4764,91.01,f3cd_sketch_generator,,0,1720,failure,0.0,6484,f3cd0759,sg,phi4-ab1
none,phi4_ab1p_sg_batch,0,4649,89.07,f174_sketch_generator,,0,1940,failure,0.0,6589,f1748c6f,sg,phi4-ab1
none,phi4_ab2p_psg_batch,0,1590,45.47,e138_py_sketch_generator,,0,630,success,0.0,2220,e13882a9,psg,phi4-ab2
none,phi4_ab2p_psg_batch,0,3190,62.2,767d_py_sketch_generator,,0,1260,success,0.0,4450,767d9b9a,psg,phi4-ab2
none,phi4_ab2p_psg_batch,0,3298,63.68,46cc_py_sketch_generator,,0,1260,success,0.0,4558,46cc780c,psg,phi4-ab2
none,phi4_ab2p_psg_batch,0,4090,77.08,087a_py_sketch_generator,,0,1575,failure,0.0,5665,087a568d,psg,phi4-ab2
none,phi4_ab2p_psg_batch,0,3830,74.06,5fc3_py_sketch_generator,,0,1575,failure,0.0,5405,5fc3c282,psg,phi4-ab2
none,phi4_ab2p_psg_batch,0,2332,46.07,476b_py_sketch_generator,,0,945,success,0.0,3277,476be3e3,psg,phi4-ab2
none,phi4_ab2p_psg_batch,0,2515,49.06,790b_py_sketch_generator,,0,945,success,0.0,3460,790b41a6,psg,phi4-ab2
none,phi4_ab2p_psg_batch,0,3288,64.32,9446_py_sketch_generator,,0,1260,success,0.0,4548,94467c65,psg,phi4-ab2
none,phi4_ab2p_psg_batch,0,4051,79.33,1d5c_py_sketch_generator,,0,1575,failure,0.0,5626,1d5c66f9,psg,phi4-ab2
none,phi4_ab2p_psg_batch,0,4332,85.0,c792_py_sketch_generator,,0,1575,failure,0.0,5907,c7926318,psg,phi4-ab2
none,phi4_ab2p_psg_batch,0,3762,74.25,a125_py_sketch_generator,,0,1575,failure,0.0,5337,a12545ac,psg,phi4-ab2
none,phi4_ab2p_psg_batch,0,964,19.02,9c6b_py_sketch_generator,,0,315,success,0.0,1279,9c6b24e1,psg,phi4-ab2
none,phi4_ab2p_psg_batch,0,1723,33.67,dce0_py_sketch_generator,,0,630,success,0.0,2353,dce02b87,psg,phi4-ab2
none,phi4_ab2p_psg_batch,0,1604,31.24,8d92_py_sketch_generator,,0,630,success,0.0,2234,8d92820b,psg,phi4-ab2
none,phi4_ab2p_psg_batch,0,2197,43.02,4ade_py_sketch_generator,,0,945,success,0.0,3142,4adeee9c,psg,phi4-ab2
none,phi4_ab2p_psg_batch,0,3409,66.47,8397_py_sketch_generator,,0,1260,success,0.0,4669,83975642,psg,phi4-ab2
none,phi4_ab2p_psg_batch,0,1513,29.32,3636_py_sketch_generator,,0,630,success,0.0,2143,3636a591,psg,phi4-ab2
none,phi4_ab2p_psg_batch,0,4143,77.83,5b89_py_sketch_generator,,0,1575,failure,0.0,5718,5b892587,psg,phi4-ab2
none,phi4_ab2p_psg_batch,0,1562,30.0,6a3b_py_sketch_generator,,0,630,success,0.0,2192,6a3b9770,psg,phi4-ab2
none,phi4_ab2p_psg_batch,0,3773,71.96,3506_py_sketch_generator,,0,1575,failure,0.0,5348,3506912a,psg,phi4-ab2
none,phi4_ab2p_psg_batch,0,939,18.05,0080_py_sketch_generator,,0,315,success,0.0,1254,0080a16b,psg,phi4-ab2
none,phi4_ab2p_psg_batch,0,816,15.57,665b_py_sketch_generator,,0,315,success,0.0,1131,665bbf7d,psg,phi4-ab2
none,phi4_ab2p_psg_batch,0,754,14.42,a32e_py_sketch_generator,,0,315,success,0.0,1069,a32e41e5,psg,phi4-ab2
none,phi4_ab2p_psg_batch,0,2296,43.91,6a5e_py_sketch_generator,,0,945,success,0.0,3241,6a5ed49e,psg,phi4-ab2
none,phi4_ab2p_psg_batch,0,631,12.05,20c5_py_sketch_generator,,0,315,success,0.0,946,20c595f6,psg,phi4-ab2
none,phi4_ab2p_psg_batch,0,2426,46.29,efab_py_sketch_generator,,0,945,success,0.0,3371,efab8847,psg,phi4-ab2
none,phi4_ab2p_psg_batch,0,4374,83.41,e7b8_py_sketch_generator,,0,1575,failure,0.0,5949,e7b80dc3,psg,phi4-ab2
none,phi4_ab2p_psg_batch,0,3824,72.87,91d9_py_sketch_generator,,0,1575,failure,0.0,5399,91d9d2c6,psg,phi4-ab2
none,phi4_ab2p_psg_batch,0,778,15.15,c231_py_sketch_generator,,0,315,success,0.0,1093,c231b07d,psg,phi4-ab2
none,phi4_ab2p_psg_batch,0,2457,47.81,6a9d_py_sketch_generator,,0,945,success,0.0,3402,6a9dc3fd,psg,phi4-ab2
none,phi4_ab2p_sg_batch,0,5149,104.6,5db1_sketch_generator,,0,7707,failure,0.0,12856,5db19d02,sg,phi4-ab2
none,phi4_ab2p_sg_batch,0,5129,103.77,0507_sketch_generator,,0,7462,failure,0.0,12591,050771ba,sg,phi4-ab2
none,phi4_ab2p_sg_batch,0,4104,81.46,b324_sketch_generator,,0,7697,failure,0.0,11801,b324577f,sg,phi4-ab2
none,phi4_ab2p_sg_batch,0,5070,103.13,f7e4_sketch_generator,,0,7642,failure,0.0,12712,f7e41afc,sg,phi4-ab2
none,phi4_ab2p_sg_batch,0,4460,90.27,df37_sketch_generator,,0,7367,failure,0.0,11827,df37a7fb,sg,phi4-ab2
none,phi4_ab2p_sg_batch,0,4282,82.37,284e_sketch_generator,,0,5132,failure,0.0,9414,284e0246,sg,phi4-ab2
none,phi4_ab2p_sg_batch,0,4673,94.74,51a8_sketch_generator,,0,7417,failure,0.0,12090,51a834f4,sg,phi4-ab2
none,phi4_ab2p_sg_batch,0,5165,105.77,7228_sketch_generator,,0,8087,failure,0.0,13252,72282cd0,sg,phi4-ab2
none,phi4_ab2p_sg_batch,0,4818,98.88,f4ba_sketch_generator,,0,7607,failure,0.0,12425,f4ba5d75,sg,phi4-ab2
none,phi4_ab2p_sg_batch,0,3870,74.62,fcd2_sketch_generator,,0,5232,failure,0.0,9102,fcd2ca4c,sg,phi4-ab2
none,phi4_ab2p_sg_batch,0,5294,108.18,7239_sketch_generator,,0,7722,failure,0.0,13016,72399db8,sg,phi4-ab2
none,phi4_ab2p_sg_batch,0,4745,97.36,8dcf_sketch_generator,,0,7727,failure,0.0,12472,8dcf1a7b,sg,phi4-ab2
none,phi4_ab2p_sg_batch,0,4785,97.26,f4ac_sketch_generator,,0,7632,failure,0.0,12417,f4ac4a93,sg,phi4-ab2
none,phi4_ab2p_sg_batch,0,4941,100.02,fd92_sketch_generator,,0,7542,failure,0.0,12483,fd92b9d4,sg,phi4-ab2
none,phi4_ab2p_sg_batch,0,4685,96.16,47e5_sketch_generator,,0,7507,failure,0.0,12192,47e59971,sg,phi4-ab2
none,phi4_ab2p_sg_batch,0,4233,84.09,94ce_sketch_generator,,0,7412,failure,0.0,11645,94ce654f,sg,phi4-ab2
none,phi4_ab2p_sg_batch,0,5083,103.96,10d2_sketch_generator,,0,7712,failure,0.0,12795,10d22820,sg,phi4-ab2
none,phi4_ab2p_sg_batch,0,4337,83.92,7c74_sketch_generator,,0,5387,failure,0.0,9724,7c74f887,sg,phi4-ab2
none,phi4_ab2p_sg_batch,0,5321,108.67,ba3a_sketch_generator,,0,7907,failure,0.0,13228,ba3a4d73,sg,phi4-ab2
none,phi4_ab2p_sg_batch,0,4642,94.27,703e_sketch_generator,,0,7692,failure,0.0,12334,703eb1b0,sg,phi4-ab2
none,phi4_ab2p_sg_batch,0,4164,84.07,8474_sketch_generator,,0,7922,failure,0.0,12086,8474815e,sg,phi4-ab2
none,phi4_ab2p_sg_batch,0,4972,102.27,da1d_sketch_generator,,0,7842,failure,0.0,12814,da1d4e9d,sg,phi4-ab2
none,phi4_ab2p_sg_batch,0,4618,95.64,8eb0_sketch_generator,,0,7747,failure,0.0,12365,8eb0fdd8,sg,phi4-ab2
none,phi4_ab2p_sg_batch,0,4372,85.28,3c31_sketch_generator,,0,5527,failure,0.0,9899,3c316560,sg,phi4-ab2
none,phi4_ab2p_sg_batch,0,5088,97.53,f426_sketch_generator,,0,5332,failure,0.0,10420,f426d024,sg,phi4-ab2
none,phi4_ab2p_sg_batch,0,4471,90.32,f95f_sketch_generator,,0,7627,failure,0.0,12098,f95fa0c7,sg,phi4-ab2
none,phi4_ab2p_sg_batch,0,4882,99.33,d983_sketch_generator,,0,7732,failure,0.0,12614,d9838875,sg,phi4-ab2
none,phi4_ab2p_sg_batch,0,4345,88.29,12cd_sketch_generator,,0,7647,failure,0.0,11992,12cd6d40,sg,phi4-ab2
none,phi4_ab2p_sg_batch,0,4793,96.96,dcf0_sketch_generator,,0,7577,failure,0.0,12370,dcf034d3,sg,phi4-ab2
none,phi4_ab2p_sg_batch,0,4380,88.77,1111_sketch_generator,,0,7612,failure,0.0,11992,1111d90b,sg,phi4-ab2
none,phi4_ab2p_tpusg_batch,0,3762,69.57,57ef_tpu_sketch_generator,,0,1864,success,0.0,5626,57ef3d53,tpusg,phi4-ab2
none,phi4_ab2p_tpusg_batch,0,917,16.93,4655_tpu_sketch_generator,,0,466,success,0.0,1383,465520e2,tpusg,phi4-ab2
none,phi4_ab2p_tpusg_batch,0,1907,35.5,6a28_tpu_sketch_generator,,0,932,success,0.0,2839,6a2811dd,tpusg,phi4-ab2
none,phi4_ab2p_tpusg_batch,0,4828,89.21,43ce_tpu_sketch_generator,,0,2330,failure,0.0,7158,43ce3549,tpusg,phi4-ab2
none,phi4_ab2p_tpusg_batch,0,867,16.05,9086_tpu_sketch_generator,,0,466,success,0.0,1333,90863e6a,tpusg,phi4-ab2
none,phi4_ab2p_tpusg_batch,0,4502,83.34,f3d6_tpu_sketch_generator,,0,2330,success,0.0,6832,f3d6f579,tpusg,phi4-ab2
none,phi4_ab2p_tpusg_batch,0,1934,35.78,453a_tpu_sketch_generator,,0,932,success,0.0,2866,453a3b41,tpusg,phi4-ab2
none,phi4_ab2p_tpusg_batch,0,1808,33.43,113a_tpu_sketch_generator,,0,932,success,0.0,2740,113a8492,tpusg,phi4-ab2
none,phi4_ab2p_tpusg_batch,0,1701,31.4,ad40_tpu_sketch_generator,,0,932,success,0.0,2633,ad409230,tpusg,phi4-ab2
none,phi4_ab2p_tpusg_batch,0,4668,86.19,5d06_tpu_sketch_generator,,0,2330,failure,0.0,6998,5d06b8cf,tpusg,phi4-ab2
none,phi4_ab2p_tpusg_batch,0,820,15.12,da66_tpu_sketch_generator,,0,466,success,0.0,1286,da665492,tpusg,phi4-ab2
none,phi4_ab2p_tpusg_batch,0,4340,79.72,b130_tpu_sketch_generator,,0,2330,failure,0.0,6670,b130a139,tpusg,phi4-ab2
none,phi4_ab2p_tpusg_batch,0,1850,34.1,e8de_tpu_sketch_generator,,0,932,success,0.0,2782,e8def055,tpusg,phi4-ab2
none,phi4_ab2p_tpusg_batch,0,3298,60.85,7dc3_tpu_sketch_generator,,0,1864,success,0.0,5162,7dc33cb9,tpusg,phi4-ab2
none,phi4_ab2p_tpusg_batch,0,803,14.83,c5a7_tpu_sketch_generator,,0,466,success,0.0,1269,c5a7bf89,tpusg,phi4-ab2
none,phi4_ab2p_tpusg_batch,0,3327,61.3,1beb_tpu_sketch_generator,,0,1864,success,0.0,5191,1beb1916,tpusg,phi4-ab2
none,phi4_ab2p_tpusg_batch,0,835,15.49,d119_tpu_sketch_generator,,0,466,success,0.0,1301,d1194222,tpusg,phi4-ab2
none,phi4_ab2p_tpusg_batch,0,1995,37.06,72ae_tpu_sketch_generator,,0,932,success,0.0,2927,72aea9e2,tpusg,phi4-ab2
none,phi4_ab2p_tpusg_batch,0,4827,89.54,224d_tpu_sketch_generator,,0,2330,success,0.0,7157,224d023f,tpusg,phi4-ab2
none,phi4_ab2p_tpusg_batch,0,3812,70.92,61a3_tpu_sketch_generator,,0,1864,success,0.0,5676,61a3ca35,tpusg,phi4-ab2
none,phi4_ab2p_tpusg_batch,0,1081,20.19,fb9e_tpu_sketch_generator,,0,466,success,0.0,1547,fb9ed608,tpusg,phi4-ab2
none,phi4_ab2p_tpusg_batch,0,2561,47.22,d268_tpu_sketch_generator,,0,1398,success,0.0,3959,d2683298,tpusg,phi4-ab2
none,phi4_ab2p_tpusg_batch,0,1776,32.79,7e1f_tpu_sketch_generator,,0,932,success,0.0,2708,7e1f8925,tpusg,phi4-ab2
none,phi4_ab2p_tpusg_batch,0,4576,84.53,b25c_tpu_sketch_generator,,0,2330,failure,0.0,6906,b25c9897,tpusg,phi4-ab2
none,phi4_ab2p_tpusg_batch,0,1735,32.23,a24e_tpu_sketch_generator,,0,932,success,0.0,2667,a24eff4d,tpusg,phi4-ab2
none,phi4_ab2p_tpusg_batch,0,2556,47.28,5e44_tpu_sketch_generator,,0,1398,success,0.0,3954,5e44fc5d,tpusg,phi4-ab2
none,phi4_ab2p_tpusg_batch,0,3622,67.2,04f0_tpu_sketch_generator,,0,1864,success,0.0,5486,04f0b860,tpusg,phi4-ab2
none,phi4_ab2p_tpusg_batch,0,1010,18.86,ddfb_tpu_sketch_generator,,0,466,success,0.0,1476,ddfba499,tpusg,phi4-ab2
none,phi4_ab2p_tpusg_batch,0,809,15.0,fc55_tpu_sketch_generator,,0,466,success,0.0,1275,fc5568f3,tpusg,phi4-ab2
none,phi4_ab2p_tpusg_batch,0,4553,84.32,429c_tpu_sketch_generator,,0,2330,success,0.0,6883,429c5c1b,tpusg,phi4-ab2
none,qwen2.5-coder:32b_ab1q_psg_batch,0,729,80.2,2757_py_sketch_generator,,0,152,success,0.0,881,275746f9,psg,q32-ab1
none,qwen2.5-coder:32b_ab1q_psg_batch,0,822,32.24,9b17_py_sketch_generator,,0,152,success,0.0,974,9b17d199,psg,q32-ab1
none,qwen2.5-coder:32b_ab1q_psg_batch,0,2812,110.35,6775_py_sketch_generator,,0,608,success,0.0,3420,67751551,psg,q32-ab1
none,qwen2.5-coder:32b_ab1q_psg_batch,0,716,28.08,0808_py_sketch_generator,,0,152,success,0.0,868,0808fece,psg,q32-ab1
none,qwen2.5-coder:32b_ab1q_psg_batch,0,1603,62.7,58e1_py_sketch_generator,,0,304,success,0.0,1907,58e1c9f4,psg,q32-ab1
none,qwen2.5-coder:32b_ab1q_psg_batch,0,765,30.08,3e62_py_sketch_generator,,0,152,success,0.0,917,3e620ac1,psg,q32-ab1
none,qwen2.5-coder:32b_ab1q_psg_batch,0,782,30.69,5f97_py_sketch_generator,,0,152,success,0.0,934,5f97f27c,psg,q32-ab1
none,qwen2.5-coder:32b_ab1q_psg_batch,0,2978,116.26,53fe_py_sketch_generator,,0,608,success,0.0,3586,53fef6c9,psg,q32-ab1
none,qwen2.5-coder:32b_ab1q_psg_batch,0,2113,82.71,7fd1_py_sketch_generator,,0,456,success,0.0,2569,7fd116a0,psg,q32-ab1
none,qwen2.5-coder:32b_ab1q_psg_batch,0,2135,83.62,5191_py_sketch_generator,,0,456,success,0.0,2591,5191c008,psg,q32-ab1
none,qwen2.5-coder:32b_ab1q_psg_batch,0,3605,141.04,7523_py_sketch_generator,,0,760,failure,0.0,4365,7523bd7d,psg,q32-ab1
none,qwen2.5-coder:32b_ab1q_psg_batch,0,3680,143.35,2cb8_py_sketch_generator,,0,760,failure,0.0,4440,2cb8a46e,psg,q32-ab1
none,qwen2.5-coder:32b_ab1q_psg_batch,0,2869,112.46,a087_py_sketch_generator,,0,608,success,0.0,3477,a0872453,psg,q32-ab1
none,qwen2.5-coder:32b_ab1q_psg_batch,0,3057,120.21,a8a9_py_sketch_generator,,0,608,success,0.0,3665,a8a97f32,psg,q32-ab1
none,qwen2.5-coder:32b_ab1q_psg_batch,0,1515,59.4,e54d_py_sketch_generator,,0,304,success,0.0,1819,e54dde56,psg,q32-ab1
none,qwen2.5-coder:32b_ab1q_psg_batch,0,3674,143.89,7cae_py_sketch_generator,,0,760,success,0.0,4434,7cae8b79,psg,q32-ab1
none,qwen2.5-coder:32b_ab1q_psg_batch,0,3710,145.02,7df6_py_sketch_generator,,0,760,failure,0.0,4470,7df6f34d,psg,q32-ab1
none,qwen2.5-coder:32b_ab1q_psg_batch,0,713,27.99,36ea_py_sketch_generator,,0,152,success,0.0,865,36ea838f,psg,q32-ab1
none,qwen2.5-coder:32b_ab1q_psg_batch,0,730,28.64,487a_py_sketch_generator,,0,152,success,0.0,882,487afb89,psg,q32-ab1
none,qwen2.5-coder:32b_ab1q_psg_batch,0,3712,145.11,04b4_py_sketch_generator,,0,760,failure,0.0,4472,04b4b10a,psg,q32-ab1
none,qwen2.5-coder:32b_ab1q_psg_batch,0,2933,114.53,5518_py_sketch_generator,,0,608,success,0.0,3541,55185c68,psg,q32-ab1
none,qwen2.5-coder:32b_ab1q_psg_batch,0,3653,142.75,c21e_py_sketch_generator,,0,760,failure,0.0,4413,c21e4075,psg,q32-ab1
none,qwen2.5-coder:32b_ab1q_psg_batch,0,2054,80.05,305f_py_sketch_generator,,0,456,success,0.0,2510,305fdf97,psg,q32-ab1
none,qwen2.5-coder:32b_ab1q_psg_batch,0,3596,140.77,7281_py_sketch_generator,,0,760,failure,0.0,4356,728145f5,psg,q32-ab1
none,qwen2.5-coder:32b_ab1q_psg_batch,0,1437,56.12,3ac4_py_sketch_generator,,0,304,success,0.0,1741,3ac4fb62,psg,q32-ab1
none,qwen2.5-coder:32b_ab1q_psg_batch,0,2158,84.32,998c_py_sketch_generator,,0,456,success,0.0,2614,998cf9b5,psg,q32-ab1
none,qwen2.5-coder:32b_ab1q_psg_batch,0,753,30.47,bd46_py_sketch_generator,,0,152,success,0.0,905,bd46f06d,psg,q32-ab1
none,qwen2.5-coder:32b_ab1q_psg_batch,0,740,29.07,bfde_py_sketch_generator,,0,152,success,0.0,892,bfde5f83,psg,q32-ab1
none,qwen2.5-coder:32b_ab1q_psg_batch,0,754,29.6,1f13_py_sketch_generator,,0,152,success,0.0,906,1f13cc6d,psg,q32-ab1
none,qwen2.5-coder:32b_ab1q_psg_batch,0,2205,86.42,edc5_py_sketch_generator,,0,456,success,0.0,2661,edc559c1,psg,q32-ab1
none,qwen2.5-coder:32b_ab1q_sg_batch,0,4688,219.65,690d_sketch_generator,,0,1863,failure,0.0,6551,690d13b0,sg,q32-ab1
none,qwen2.5-coder:32b_ab1q_sg_batch,0,5077,192.91,2d2d_sketch_generator,,0,1723,failure,0.0,6800,2d2df361,sg,q32-ab1
none,qwen2.5-coder:32b_ab1q_sg_batch,0,4884,186.05,4137_sketch_generator,,0,1778,failure,0.0,6662,4137a55f,sg,q32-ab1
none,qwen2.5-coder:32b_ab1q_sg_batch,0,5064,192.43,e9fe_sketch_generator,,0,1843,failure,0.0,6907,e9fe086c,sg,q32-ab1
none,qwen2.5-coder:32b_ab1q_sg_batch,0,4501,171.04,20fd_sketch_generator,,0,1888,failure,0.0,6389,20fdbda3,sg,q32-ab1
none,qwen2.5-coder:32b_ab1q_sg_batch,0,5055,199.94,d435_sketch_generator,,0,1758,failure,0.0,6813,d4359769,sg,q32-ab1
none,qwen2.5-coder:32b_ab1q_sg_batch,0,5167,210.87,ff22_sketch_generator,,0,1638,failure,0.0,6805,ff223b5c,sg,q32-ab1
none,qwen2.5-coder:32b_ab1q_sg_batch,0,5551,226.86,a708_sketch_generator,,0,1818,failure,0.0,7369,a7087bdc,sg,q32-ab1
none,qwen2.5-coder:32b_ab1q_sg_batch,0,4608,184.43,0985_sketch_generator,,0,2103,failure,0.0,6711,0985941f,sg,q32-ab1
none,qwen2.5-coder:32b_ab1q_sg_batch,0,5457,207.72,8f72_sketch_generator,,0,1793,failure,0.0,7250,8f727337,sg,q32-ab1
none,qwen2.5-coder:32b_ab1q_sg_batch,0,4689,178.57,757e_sketch_generator,,0,2013,failure,0.0,6702,757e4ad7,sg,q32-ab1
none,qwen2.5-coder:32b_ab1q_sg_batch,0,4652,178.07,a73f_sketch_generator,,0,1818,failure,0.0,6470,a73fd928,sg,q32-ab1
none,qwen2.5-coder:32b_ab1q_sg_batch,0,4543,173.2,9578_sketch_generator,,0,1798,failure,0.0,6341,9578c434,sg,q32-ab1
none,qwen2.5-coder:32b_ab1q_sg_batch,0,5641,215.96,84a2_sketch_generator,,0,2158,failure,0.0,7799,84a26c81,sg,q32-ab1
none,qwen2.5-coder:32b_ab1q_sg_batch,0,5262,200.46,b0b0_sketch_generator,,0,1773,failure,0.0,7035,b0b0f173,sg,q32-ab1
none,qwen2.5-coder:32b_ab1q_sg_batch,0,5179,205.12,0c46_sketch_generator,,0,1803,failure,0.0,6982,0c461562,sg,q32-ab1
none,qwen2.5-coder:32b_ab1q_sg_batch,0,4904,200.7,7174_sketch_generator,,0,1813,failure,0.0,6717,7174a74a,sg,q32-ab1
none,qwen2.5-coder:32b_ab1q_sg_batch,0,4840,197.74,86e5_sketch_generator,,0,1758,failure,0.0,6598,86e597cd,sg,q32-ab1
none,qwen2.5-coder:32b_ab1q_sg_batch,0,5338,211.5,9c77_sketch_generator,,0,1883,failure,0.0,7221,9c775658,sg,q32-ab1
none,qwen2.5-coder:32b_ab1q_sg_batch,0,5300,202.38,dd45_sketch_generator,,0,2133,failure,0.0,7433,dd45ef2f,sg,q32-ab1
none,qwen2.5-coder:32b_ab1q_sg_batch,0,4851,184.34,3696_sketch_generator,,0,2003,failure,0.0,6854,3696bd14,sg,q32-ab1
none,qwen2.5-coder:32b_ab1q_sg_batch,0,5062,193.45,e741_sketch_generator,,0,1823,failure,0.0,6885,e7417854,sg,q32-ab1
none,qwen2.5-coder:32b_ab1q_sg_batch,0,5009,195.31,9244_sketch_generator,,0,1923,failure,0.0,6932,92447287,sg,q32-ab1
none,qwen2.5-coder:32b_ab1q_sg_batch,0,5205,203.02,15ec_sketch_generator,,0,1903,failure,0.0,7108,15ecefa2,sg,q32-ab1
none,qwen2.5-coder:32b_ab1q_sg_batch,0,5161,203.02,2b54_sketch_generator,,0,1878,failure,0.0,7039,2b540fd6,sg,q32-ab1
none,qwen2.5-coder:32b_ab1q_sg_batch,0,4716,184.38,b148_sketch_generator,,0,1758,failure,0.0,6474,b1487eab,sg,q32-ab1
none,qwen2.5-coder:32b_ab1q_sg_batch,0,4784,183.5,9b4c_sketch_generator,,0,2233,failure,0.0,7017,9b4c0fa5,sg,q32-ab1
none,qwen2.5-coder:32b_ab1q_sg_batch,0,4795,183.9,bcc8_sketch_generator,,0,1768,failure,0.0,6563,bcc87508,sg,q32-ab1
none,qwen2.5-coder:32b_ab1q_sg_batch,0,4594,176.56,1f2e_sketch_generator,,0,1758,failure,0.0,6352,1f2e4de1,sg,q32-ab1
none,qwen2.5-coder:32b_ab1q_sg_batch,0,4723,182.75,65d4_sketch_generator,,0,1913,failure,0.0,6636,65d4aa05,sg,q32-ab1
none,qwen2.5-coder:32b_ab1q_tpusg_batch,0,3620,174.68,7c6d_tpu_sketch_generator,,0,720,success,0.0,4340,7c6dfa6e,tpusg,q32-ab1
none,qwen2.5-coder:32b_ab1q_tpusg_batch,0,3410,125.92,c838_tpu_sketch_generator,,0,900,failure,0.0,4310,c838b56b,tpusg,q32-ab1
none,qwen2.5-coder:32b_ab1q_tpusg_batch,0,717,26.71,1a69_tpu_sketch_generator,,0,180,success,0.0,897,1a697c0c,tpusg,q32-ab1
none,qwen2.5-coder:32b_ab1q_tpusg_batch,0,1865,75.59,a967_tpu_sketch_generator,,0,360,success,0.0,2225,a967c3c5,tpusg,q32-ab1
none,qwen2.5-coder:32b_ab1q_tpusg_batch,0,2288,93.1,145c_tpu_sketch_generator,,0,540,success,0.0,2828,145c162d,tpusg,q32-ab1
none,qwen2.5-coder:32b_ab1q_tpusg_batch,0,3690,150.06,b380_tpu_sketch_generator,,0,900,failure,0.0,4590,b380bc76,tpusg,q32-ab1
none,qwen2.5-coder:32b_ab1q_tpusg_batch,0,1429,57.71,90f5_tpu_sketch_generator,,0,360,success,0.0,1789,90f55eed,tpusg,q32-ab1
none,qwen2.5-coder:32b_ab1q_tpusg_batch,0,2966,119.85,e2d3_tpu_sketch_generator,,0,540,success,0.0,3506,e2d38972,tpusg,q32-ab1
none,qwen2.5-coder:32b_ab1q_tpusg_batch,0,617,22.89,b265_tpu_sketch_generator,,0,180,success,0.0,797,b265fb91,tpusg,q32-ab1
none,qwen2.5-coder:32b_ab1q_tpusg_batch,0,3337,123.32,3e7f_tpu_sketch_generator,,0,900,success,0.0,4237,3e7fc381,tpusg,q32-ab1
none,qwen2.5-coder:32b_ab1q_tpusg_batch,0,4209,158.23,9893_tpu_sketch_generator,,0,900,failure,0.0,5109,98936b75,tpusg,q32-ab1
none,qwen2.5-coder:32b_ab1q_tpusg_batch,0,3313,122.27,d029_tpu_sketch_generator,,0,900,failure,0.0,4213,d0293294,tpusg,q32-ab1
none,qwen2.5-coder:32b_ab1q_tpusg_batch,0,3129,117.19,1448_tpu_sketch_generator,,0,720,success,0.0,3849,14485eae,tpusg,q32-ab1
none,qwen2.5-coder:32b_ab1q_tpusg_batch,0,1481,54.88,4620_tpu_sketch_generator,,0,360,success,0.0,1841,46209b4b,tpusg,q32-ab1
none,qwen2.5-coder:32b_ab1q_tpusg_batch,0,3754,139.19,e89b_tpu_sketch_generator,,0,900,success,0.0,4654,e89b4023,tpusg,q32-ab1
none,qwen2.5-coder:32b_ab1q_tpusg_batch,0,2662,99.44,3f6f_tpu_sketch_generator,,0,540,success,0.0,3202,3f6fba32,tpusg,q32-ab1
none,qwen2.5-coder:32b_ab1q_tpusg_batch,0,679,25.23,3f76_tpu_sketch_generator,,0,180,success,0.0,859,3f76c142,tpusg,q32-ab1
none,qwen2.5-coder:32b_ab1q_tpusg_batch,0,2820,104.94,6e6e_tpu_sketch_generator,,0,720,success,0.0,3540,6e6e37a9,tpusg,q32-ab1
none,qwen2.5-coder:32b_ab1q_tpusg_batch,0,1566,63.21,d450_tpu_sketch_generator,,0,360,success,0.0,1926,d450a5b5,tpusg,q32-ab1
none,qwen2.5-coder:32b_ab1q_tpusg_batch,0,2134,86.45,6f16_tpu_sketch_generator,,0,540,success,0.0,2674,6f168498,tpusg,q32-ab1
none,qwen2.5-coder:32b_ab1q_tpusg_batch,0,3546,143.19,32b7_tpu_sketch_generator,,0,900,failure,0.0,4446,32b7f03f,tpusg,q32-ab1
none,qwen2.5-coder:32b_ab1q_tpusg_batch,0,1369,55.2,ec96_tpu_sketch_generator,,0,360,success,0.0,1729,ec966d23,tpusg,q32-ab1
none,qwen2.5-coder:32b_ab1q_tpusg_batch,0,3837,155.0,28fc_tpu_sketch_generator,,0,900,success,0.0,4737,28fcb332,tpusg,q32-ab1
none,qwen2.5-coder:32b_ab1q_tpusg_batch,0,750,30.84,1f4f_tpu_sketch_generator,,0,180,success,0.0,930,1f4f9105,tpusg,q32-ab1
none,qwen2.5-coder:32b_ab1q_tpusg_batch,0,1916,71.89,512e_tpu_sketch_generator,,0,360,success,0.0,2276,512e0dc1,tpusg,q32-ab1
none,qwen2.5-coder:32b_ab1q_tpusg_batch,0,2198,81.67,3290_tpu_sketch_generator,,0,540,success,0.0,2738,329001bd,tpusg,q32-ab1
none,qwen2.5-coder:32b_ab1q_tpusg_batch,0,708,26.31,0207_tpu_sketch_generator,,0,180,success,0.0,888,0207b3b1,tpusg,q32-ab1
none,qwen2.5-coder:32b_ab1q_tpusg_batch,0,1895,70.2,b14f_tpu_sketch_generator,,0,540,success,0.0,2435,b14fd022,tpusg,q32-ab1
none,qwen2.5-coder:32b_ab1q_tpusg_batch,0,4381,163.98,d26c_tpu_sketch_generator,,0,900,failure,0.0,5281,d26c0def,tpusg,q32-ab1
none,qwen2.5-coder:32b_ab1q_tpusg_batch,0,3058,114.4,6bb7_tpu_sketch_generator,,0,720,success,0.0,3778,6bb7d69b,tpusg,q32-ab1
none,qwen2.5-coder:32b_ab2q_psg_batch,0,1837,289.81,8cb0_py_sketch_generator,,0,668,success,0.0,2505,8cb0be93,psg,q32-ab2
none,qwen2.5-coder:32b_ab2q_psg_batch,0,1688,63.04,c6e2_py_sketch_generator,,0,668,success,0.0,2356,c6e253d8,psg,q32-ab2
none,qwen2.5-coder:32b_ab2q_psg_batch,0,1649,61.57,5893_py_sketch_generator,,0,668,success,0.0,2317,58930921,psg,q32-ab2
none,qwen2.5-coder:32b_ab2q_psg_batch,0,3368,125.95,3134_py_sketch_generator,,0,1336,success,0.0,4704,3134f28a,psg,q32-ab2
none,qwen2.5-coder:32b_ab2q_psg_batch,0,1890,70.9,bc53_py_sketch_generator,,0,668,success,0.0,2558,bc5315e3,psg,q32-ab2
none,qwen2.5-coder:32b_ab2q_psg_batch,0,1476,55.91,66c4_py_sketch_generator,,0,334,success,0.0,1810,66c42078,psg,q32-ab2
none,qwen2.5-coder:32b_ab2q_psg_batch,0,3859,144.43,10d1_py_sketch_generator,,0,1670,failure,0.0,5529,10d122c9,psg,q32-ab2
none,qwen2.5-coder:32b_ab2q_psg_batch,0,2201,82.29,4b9a_py_sketch_generator,,0,1002,success,0.0,3203,4b9a862a,psg,q32-ab2
none,qwen2.5-coder:32b_ab2q_psg_batch,0,2488,93.81,ac75_py_sketch_generator,,0,1002,success,0.0,3490,ac7585c6,psg,q32-ab2
none,qwen2.5-coder:32b_ab2q_psg_batch,0,775,29.04,2c8f_py_sketch_generator,,0,334,success,0.0,1109,2c8ff65d,psg,q32-ab2
none,qwen2.5-coder:32b_ab2q_psg_batch,0,1468,54.97,b4cb_py_sketch_generator,,0,668,success,0.0,2136,b4cba6cb,psg,q32-ab2
none,qwen2.5-coder:32b_ab2q_psg_batch,0,3919,146.54,57dc_py_sketch_generator,,0,1670,failure,0.0,5589,57dc3c77,psg,q32-ab2
none,qwen2.5-coder:32b_ab2q_psg_batch,0,811,30.39,954b_py_sketch_generator,,0,334,success,0.0,1145,954b33f2,psg,q32-ab2
none,qwen2.5-coder:32b_ab2q_psg_batch,0,3849,143.95,93b4_py_sketch_generator,,0,1670,success,0.0,5519,93b402ee,psg,q32-ab2
none,qwen2.5-coder:32b_ab2q_psg_batch,0,789,29.55,7aec_py_sketch_generator,,0,334,success,0.0,1123,7aece350,psg,q32-ab2
none,qwen2.5-coder:32b_ab2q_psg_batch,0,837,31.36,a9a6_py_sketch_generator,,0,334,success,0.0,1171,a9a677fb,psg,q32-ab2
none,qwen2.5-coder:32b_ab2q_psg_batch,0,2186,81.95,c927_py_sketch_generator,,0,1002,success,0.0,3188,c927e610,psg,q32-ab2
none,qwen2.5-coder:32b_ab2q_psg_batch,0,3921,146.69,b2ec_py_sketch_generator,,0,1670,failure,0.0,5591,b2ec9f66,psg,q32-ab2
none,qwen2.5-coder:32b_ab2q_psg_batch,0,3953,147.88,df79_py_sketch_generator,,0,1670,success,0.0,5623,df793d80,psg,q32-ab2
none,qwen2.5-coder:32b_ab2q_psg_batch,0,1661,62.19,2340_py_sketch_generator,,0,668,success,0.0,2329,23400dfc,psg,q32-ab2
none,qwen2.5-coder:32b_ab2q_psg_batch,0,880,33.02,77f4_py_sketch_generator,,0,334,success,0.0,1214,77f44b94,psg,q32-ab2
none,qwen2.5-coder:32b_ab2q_psg_batch,0,824,30.86,8467_py_sketch_generator,,0,334,success,0.0,1158,846702bb,psg,q32-ab2
none,qwen2.5-coder:32b_ab2q_psg_batch,0,1572,58.99,7cf9_py_sketch_generator,,0,668,success,0.0,2240,7cf96330,psg,q32-ab2
none,qwen2.5-coder:32b_ab2q_psg_batch,0,751,28.19,fca6_py_sketch_generator,,0,334,success,0.0,1085,fca6f821,psg,q32-ab2
none,qwen2.5-coder:32b_ab2q_psg_batch,0,913,34.23,8423_py_sketch_generator,,0,334,success,0.0,1247,842327bb,psg,q32-ab2
none,qwen2.5-coder:32b_ab2q_psg_batch,0,845,31.72,3a82_py_sketch_generator,,0,334,success,0.0,1179,3a825737,psg,q32-ab2
none,qwen2.5-coder:32b_ab2q_psg_batch,0,800,30.22,b105_py_sketch_generator,,0,334,success,0.0,1134,b105f3e9,psg,q32-ab2
none,qwen2.5-coder:32b_ab2q_psg_batch,0,3711,138.65,d7d9_py_sketch_generator,,0,1670,failure,0.0,5381,d7d9a676,psg,q32-ab2
none,qwen2.5-coder:32b_ab2q_psg_batch,0,3936,148.55,ec7d_py_sketch_generator,,0,1670,failure,0.0,5606,ec7de80c,psg,q32-ab2
none,qwen2.5-coder:32b_ab2q_psg_batch,0,4098,154.64,9b27_py_sketch_generator,,0,1670,success,0.0,5768,9b272ba4,psg,q32-ab2
none,qwen2.5-coder:32b_ab2q_sg_batch,0,5767,239.49,3a15_sketch_generator,,0,9134,failure,0.0,14901,3a15384f,sg,q32-ab2
none,qwen2.5-coder:32b_ab2q_sg_batch,0,5661,235.57,8b32_sketch_generator,,0,9269,failure,0.0,14930,8b32b10f,sg,q32-ab2
none,qwen2.5-coder:32b_ab2q_sg_batch,0,4636,183.32,5ff2_sketch_generator,,0,6139,failure,0.0,10775,5ff22424,sg,q32-ab2
none,qwen2.5-coder:32b_ab2q_sg_batch,0,4690,189.46,d987_sketch_generator,,0,6809,failure,0.0,11499,d987100a,sg,q32-ab2
none,qwen2.5-coder:32b_ab2q_sg_batch,0,4412,172.23,92f3_sketch_generator,,0,6134,failure,0.0,10546,92f389ae,sg,q32-ab2
none,qwen2.5-coder:32b_ab2q_sg_batch,0,5060,201.72,9edb_sketch_generator,,0,6129,failure,0.0,11189,9edbd130,sg,q32-ab2
none,qwen2.5-coder:32b_ab2q_sg_batch,0,4646,182.89,73a6_sketch_generator,,0,6179,failure,0.0,10825,73a69b05,sg,q32-ab2
none,qwen2.5-coder:32b_ab2q_sg_batch,0,4628,182.54,7ed6_sketch_generator,,0,6209,failure,0.0,10837,7ed6d778,sg,q32-ab2
none,qwen2.5-coder:32b_ab2q_sg_batch,0,4591,181.2,10be_sketch_generator,,0,6229,failure,0.0,10820,10bed3f4,sg,q32-ab2
none,qwen2.5-coder:32b_ab2q_sg_batch,0,5116,215.85,4adc_sketch_generator,,0,9544,failure,0.0,14660,4adc13fa,sg,q32-ab2
none,qwen2.5-coder:32b_ab2q_sg_batch,0,4111,160.7,fc3f_sketch_generator,,0,6134,failure,0.0,10245,fc3f590f,sg,q32-ab2
none,qwen2.5-coder:32b_ab2q_sg_batch,0,4856,191.53,f9da_sketch_generator,,0,6219,failure,0.0,11075,f9da715c,sg,q32-ab2
none,qwen2.5-coder:32b_ab2q_sg_batch,0,5166,208.74,b3d3_sketch_generator,,0,6644,failure,0.0,11810,b3d392fb,sg,q32-ab2
none,qwen2.5-coder:32b_ab2q_sg_batch,0,5690,236.48,2ec0_sketch_generator,,0,9554,failure,0.0,15244,2ec02680,sg,q32-ab2
none,qwen2.5-coder:32b_ab2q_sg_batch,0,4438,175.58,e408_sketch_generator,,0,6399,failure,0.0,10837,e408d9f9,sg,q32-ab2
none,qwen2.5-coder:32b_ab2q_sg_batch,0,4356,170.17,6f2e_sketch_generator,,0,6219,failure,0.0,10575,6f2e0883,sg,q32-ab2
none,qwen2.5-coder:32b_ab2q_sg_batch,0,4272,167.25,4bb7_sketch_generator,,0,6254,failure,0.0,10526,4bb75194,sg,q32-ab2
none,qwen2.5-coder:32b_ab2q_sg_batch,0,4781,193.58,caec_sketch_generator,,0,6419,failure,0.0,11200,caec6f6a,sg,q32-ab2
none,qwen2.5-coder:32b_ab2q_sg_batch,0,5848,242.26,6cf2_sketch_generator,,0,9079,failure,0.0,14927,6cf254db,sg,q32-ab2
none,qwen2.5-coder:32b_ab2q_sg_batch,0,6012,249.52,b774_sketch_generator,,0,9154,failure,0.0,15166,b774af1c,sg,q32-ab2
none,qwen2.5-coder:32b_ab2q_sg_batch,0,5525,229.38,c4fa_sketch_generator,,0,9054,failure,0.0,14579,c4faf5db,sg,q32-ab2
none,qwen2.5-coder:32b_ab2q_sg_batch,0,5244,206.46,bbb7_sketch_generator,,0,6294,failure,0.0,11538,bbb7fcbc,sg,q32-ab2
none,qwen2.5-coder:32b_ab2q_sg_batch,0,5123,205.57,2cae_sketch_generator,,0,6354,failure,0.0,11477,2cae5863,sg,q32-ab2
none,qwen2.5-coder:32b_ab2q_sg_batch,0,5583,231.22,1453_sketch_generator,,0,9119,failure,0.0,14702,14533680,sg,q32-ab2
none,qwen2.5-coder:32b_ab2q_sg_batch,0,5426,217.39,c318_sketch_generator,,0,6379,failure,0.0,11805,c318d69b,sg,q32-ab2
none,qwen2.5-coder:32b_ab2q_sg_batch,0,4483,174.24,a09e_sketch_generator,,0,6084,failure,0.0,10567,a09eb987,sg,q32-ab2
none,qwen2.5-coder:32b_ab2q_sg_batch,0,5511,228.07,c297_sketch_generator,,0,9139,failure,0.0,14650,c2975163,sg,q32-ab2
none,qwen2.5-coder:32b_ab2q_sg_batch,0,4719,187.98,3bd5_sketch_generator,,0,6354,failure,0.0,11073,3bd55a45,sg,q32-ab2
none,qwen2.5-coder:32b_ab2q_sg_batch,0,6104,251.66,dfaa_sketch_generator,,0,9084,failure,0.0,15188,dfaa1ebd,sg,q32-ab2
none,qwen2.5-coder:32b_ab2q_sg_batch,0,5472,227.69,693b_sketch_generator,,0,9164,failure,0.0,14636,693b517b,sg,q32-ab2
none,qwen2.5-coder:32b_ab2q_tpusg_batch,0,3742,140.94,8050_tpu_sketch_generator,,0,1944,success,0.0,5686,80504fb2,tpusg,q32-ab2
none,qwen2.5-coder:32b_ab2q_tpusg_batch,0,2106,79.2,3f20_tpu_sketch_generator,,0,972,success,0.0,3078,3f20f607,tpusg,q32-ab2
none,qwen2.5-coder:32b_ab2q_tpusg_batch,0,2627,98.6,67ee_tpu_sketch_generator,,0,1458,success,0.0,4085,67ee9d17,tpusg,q32-ab2
none,qwen2.5-coder:32b_ab2q_tpusg_batch,0,4737,178.01,6cc6_tpu_sketch_generator,,0,2430,failure,0.0,7167,6cc693eb,tpusg,q32-ab2
none,qwen2.5-coder:32b_ab2q_tpusg_batch,0,810,30.4,4abb_tpu_sketch_generator,,0,486,success,0.0,1296,4abb9430,tpusg,q32-ab2
none,qwen2.5-coder:32b_ab2q_tpusg_batch,0,937,35.3,0d10_tpu_sketch_generator,,0,486,success,0.0,1423,0d103524,tpusg,q32-ab2
none,qwen2.5-coder:32b_ab2q_tpusg_batch,0,1875,70.49,d4e5_tpu_sketch_generator,,0,972,success,0.0,2847,d4e5834c,tpusg,q32-ab2
none,qwen2.5-coder:32b_ab2q_tpusg_batch,0,4546,170.99,f5f3_tpu_sketch_generator,,0,2430,success,0.0,6976,f5f3efb7,tpusg,q32-ab2
none,qwen2.5-coder:32b_ab2q_tpusg_batch,0,864,32.3,6744_tpu_sketch_generator,,0,486,success,0.0,1350,6744b329,tpusg,q32-ab2
none,qwen2.5-coder:32b_ab2q_tpusg_batch,0,2944,110.49,2c33_tpu_sketch_generator,,0,1458,success,0.0,4402,2c33ff6e,tpusg,q32-ab2
none,qwen2.5-coder:32b_ab2q_tpusg_batch,0,1133,42.83,7118_tpu_sketch_generator,,0,486,success,0.0,1619,71186a8f,tpusg,q32-ab2
none,qwen2.5-coder:32b_ab2q_tpusg_batch,0,3825,143.96,974d_tpu_sketch_generator,,0,1944,success,0.0,5769,974dc4f4,tpusg,q32-ab2
none,qwen2.5-coder:32b_ab2q_tpusg_batch,0,954,36.03,3dd0_tpu_sketch_generator,,0,486,success,0.0,1440,3dd0dca3,tpusg,q32-ab2
none,qwen2.5-coder:32b_ab2q_tpusg_batch,0,4823,182.98,1bc5_tpu_sketch_generator,,0,2430,failure,0.0,7253,1bc5d175,tpusg,q32-ab2
none,qwen2.5-coder:32b_ab2q_tpusg_batch,0,975,36.81,d2e0_tpu_sketch_generator,,0,486,success,0.0,1461,d2e06fcb,tpusg,q32-ab2
none,qwen2.5-coder:32b_ab2q_tpusg_batch,0,847,32.02,eccf_tpu_sketch_generator,,0,486,success,0.0,1333,eccfa191,tpusg,q32-ab2
none,qwen2.5-coder:32b_ab2q_tpusg_batch,0,4933,186.03,72cc_tpu_sketch_generator,,0,2430,failure,0.0,7363,72cce454,tpusg,q32-ab2
none,qwen2.5-coder:32b_ab2q_tpusg_batch,0,4727,178.05,dc98_tpu_sketch_generator,,0,2430,success,0.0,7157,dc989dfe,tpusg,q32-ab2
none,qwen2.5-coder:32b_ab2q_tpusg_batch,0,5180,195.57,206f_tpu_sketch_generator,,0,2430,failure,0.0,7610,206fa108,tpusg,q32-ab2
none,qwen2.5-coder:32b_ab2q_tpusg_batch,0,1923,72.55,c665_tpu_sketch_generator,,0,972,success,0.0,2895,c665e85c,tpusg,q32-ab2
none,qwen2.5-coder:32b_ab2q_tpusg_batch,0,4622,174.12,f648_tpu_sketch_generator,,0,2430,failure,0.0,7052,f648bcbc,tpusg,q32-ab2
none,qwen2.5-coder:32b_ab2q_tpusg_batch,0,4584,172.73,57d9_tpu_sketch_generator,,0,2430,failure,0.0,7014,57d97a22,tpusg,q32-ab2
none,qwen2.5-coder:32b_ab2q_tpusg_batch,0,4596,173.61,f4c3_tpu_sketch_generator,,0,2430,failure,0.0,7026,f4c34438,tpusg,q32-ab2
none,qwen2.5-coder:32b_ab2q_tpusg_batch,0,2566,96.47,cb56_tpu_sketch_generator,,0,1458,success,0.0,4024,cb56e4fd,tpusg,q32-ab2
none,qwen2.5-coder:32b_ab2q_tpusg_batch,0,2707,102.29,e22f_tpu_sketch_generator,,0,1458,success,0.0,4165,e22f5e9d,tpusg,q32-ab2
none,qwen2.5-coder:32b_ab2q_tpusg_batch,0,4940,186.11,043a_tpu_sketch_generator,,0,2430,failure,0.0,7370,043a6dba,tpusg,q32-ab2
none,qwen2.5-coder:32b_ab2q_tpusg_batch,0,878,33.12,2673_tpu_sketch_generator,,0,486,success,0.0,1364,2673f868,tpusg,q32-ab2
none,qwen2.5-coder:32b_ab2q_tpusg_batch,0,896,33.83,99a3_tpu_sketch_generator,,0,486,success,0.0,1382,99a32826,tpusg,q32-ab2
none,qwen2.5-coder:32b_ab2q_tpusg_batch,0,905,34.13,4b08_tpu_sketch_generator,,0,486,success,0.0,1391,4b085bf7,tpusg,q32-ab2
none,qwen2.5-coder:32b_ab2q_tpusg_batch,0,891,33.67,6692_tpu_sketch_generator,,0,486,success,0.0,1377,6692d519,tpusg,q32-ab2
