name,trace_id,batch_id,status,latency,total_tokens,prompt_tokens,completion_tokens,total_cost,prompt_cost,completion_cost,parameters,processor,model
1d97_sg,1d973d52,codestral_b4ca_sg,failure,137.52,20415,16059,4356,0.0,0.0,0.0,F,sg,codestral
153a_sg,153a2e07,codestral_b4ca_sg,failure,81.61,17980,14011,3969,0.0,0.0,0.0,F,sg,codestral
5e61_sg,5e61d468,codestral_b4ca_sg,failure,130.25,24603,18107,6496,0.0,0.0,0.0,F,sg,codestral
e495_sg,e4956b2d,codestral_b4ca_sg,failure,111.41,19615,14010,5605,0.0,0.0,0.0,F,sg,codestral
cf1e_sg,cf1e3f92,codestral_b4ca_sg,failure,110.61,19295,13869,5426,0.0,0.0,0.0,F,sg,codestral
ae57_sg,ae577ce9,codestral_b4ca_sg,failure,141.5,25207,18108,7099,0.0,0.0,0.0,F,sg,codestral
eabb_sg,eabb8b62,codestral_b4ca_sg,failure,101.5,19033,13975,5058,0.0,0.0,0.0,F,sg,codestral
0651_sg,065138c2,codestral_b4ca_sg,failure,129.99,20636,14012,6624,0.0,0.0,0.0,F,sg,codestral
ef39_sg,ef3962d9,codestral_b4ca_sg,failure,131.25,20690,14012,6678,0.0,0.0,0.0,F,sg,codestral
3ee0_sg,3ee0ec3e,codestral_b4ca_sg,failure,111.04,19575,13996,5579,0.0,0.0,0.0,F,sg,codestral
2bba_sg,2bba679d,codestral_b4ca_sg,failure,146.61,27466,20156,7310,0.0,0.0,0.0,F,sg,codestral
6658_sg,6658710a,codestral_b4ca_sg,failure,113.64,19674,13960,5714,0.0,0.0,0.0,F,sg,codestral
9c36_sg,9c36a77f,codestral_b4ca_sg,failure,110.41,19561,14012,5549,0.0,0.0,0.0,F,sg,codestral
9ed8_sg,9ed82e25,codestral_b4ca_sg,failure,84.4,15988,11812,4176,0.0,0.0,0.0,F,sg,codestral
4fdc_sg,4fdcdeef,codestral_b4ca_sg,failure,105.02,19140,13888,5252,0.0,0.0,0.0,F,sg,codestral
23d7_sg,23d7176a,codestral_b4ca_sg,failure,114.75,19796,14012,5784,0.0,0.0,0.0,F,sg,codestral
5ee5_sg,5ee5973d,codestral_b4ca_sg,failure,117.9,19938,13993,5945,0.0,0.0,0.0,F,sg,codestral
36c9_sg,36c93b71,codestral_b4ca_sg,failure,138.78,25028,18067,6961,0.0,0.0,0.0,F,sg,codestral
dcb4_sg,dcb4f9d1,codestral_b4ca_sg,failure,121.14,20138,14012,6126,0.0,0.0,0.0,F,sg,codestral
4f07_sg,4f07f0c5,codestral_b4ca_sg,failure,104.21,19195,13990,5205,0.0,0.0,0.0,F,sg,codestral
71cb_sg,71cbe7f4,codestral_b4ca_sg,failure,129.77,22602,16060,6542,0.0,0.0,0.0,F,sg,codestral
642b_sg,642b65cc,codestral_b4ca_sg,failure,108.92,19472,14008,5464,0.0,0.0,0.0,F,sg,codestral
0507_sg,05074a11,codestral_b4ca_sg,failure,112.32,19655,14012,5643,0.0,0.0,0.0,F,sg,codestral
bb8b_sg,bb8b6bb7,codestral_b4ca_sg,failure,97.21,18832,14009,4823,0.0,0.0,0.0,F,sg,codestral
789c_sg,789c0a27,codestral_b4ca_sg,failure,102.49,19124,14012,5112,0.0,0.0,0.0,F,sg,codestral
0fe4_sg,0fe4256b,codestral_b4ca_sg,failure,132.54,20770,14012,6758,0.0,0.0,0.0,F,sg,codestral
b69d_sg,b69d1335,codestral_b4ca_sg,failure,99.47,18940,13988,4952,0.0,0.0,0.0,F,sg,codestral
b90c_sg,b90cc92e,codestral_b4ca_sg,failure,127.02,20464,14012,6452,0.0,0.0,0.0,F,sg,codestral
3c21_sg,3c21a8a0,codestral_b4ca_sg,failure,142.06,23272,16060,7212,0.0,0.0,0.0,F,sg,codestral
62d2_sg,62d2135c,codestral_b4ca_sg,failure,115.38,19828,14004,5824,0.0,0.0,0.0,F,sg,codestral
b208_mc,b20881e7,codestral_b4ca_mc,success,11.33,3086,2532,554,0.0,0.0,0.0,F,mc,codestral
416b_mc,416b3495,codestral_b4ca_mc,success,29.49,6372,4864,1508,0.0,0.0,0.0,F,mc,codestral
d078_mc,d07855cc,codestral_b4ca_mc,success,22.78,4662,3472,1190,0.0,0.0,0.0,F,mc,codestral
468d_mc,468d1436,codestral_b4ca_mc,failure,44.9,8474,6105,2369,0.0,0.0,0.0,F,mc,codestral
35e6_mc,35e667f3,codestral_b4ca_mc,success,32.73,7655,6047,1608,0.0,0.0,0.0,F,mc,codestral
6539_mc,65395cac,codestral_b4ca_mc,success,8.14,939,484,455,0.0,0.0,0.0,F,mc,codestral
29e6_mc,29e66861,codestral_b4ca_mc,failure,44.42,9520,7272,2248,0.0,0.0,0.0,F,mc,codestral
3de9_mc,3de95194,codestral_b4ca_mc,success,40.01,9385,7380,2005,0.0,0.0,0.0,F,mc,codestral
be9e_mc,be9ee5e6,codestral_b4ca_mc,success,18.0,3465,2532,933,0.0,0.0,0.0,F,mc,codestral
0b60_mc,0b60284f,codestral_b4ca_mc,success,24.88,4733,3434,1299,0.0,0.0,0.0,F,mc,codestral
27b8_mc,27b8649e,codestral_b4ca_mc,success,40.24,8559,6500,2059,0.0,0.0,0.0,F,mc,codestral
20c9_mc,20c91143,codestral_b4ca_mc,failure,33.06,8014,6334,1680,0.0,0.0,0.0,F,mc,codestral
c7e2_mc,c7e292a1,codestral_b4ca_mc,failure,29.85,7721,6235,1486,0.0,0.0,0.0,F,mc,codestral
a4b1_mc,a4b18ea5,codestral_b4ca_mc,failure,42.39,9259,7104,2155,0.0,0.0,0.0,F,mc,codestral
7f1b_mc,7f1b983c,codestral_b4ca_mc,success,24.84,4592,3277,1315,0.0,0.0,0.0,F,mc,codestral
af33_mc,af33eb4c,codestral_b4ca_mc,success,12.99,3185,2532,653,0.0,0.0,0.0,F,mc,codestral
6a40_mc,6a40d2a4,codestral_b4ca_mc,success,12.8,2143,1445,698,0.0,0.0,0.0,F,mc,codestral
92bd_mc,92bd8c76,codestral_b4ca_mc,failure,31.22,7971,6385,1586,0.0,0.0,0.0,F,mc,codestral
3a51_mc,3a51fda2,codestral_b4ca_mc,failure,36.89,8985,7153,1832,0.0,0.0,0.0,F,mc,codestral
731b_mc,731b0a21,codestral_b4ca_mc,failure,31.55,7986,6406,1580,0.0,0.0,0.0,F,mc,codestral
ef57_mc,ef576d6a,codestral_b4ca_mc,failure,35.23,7744,5889,1855,0.0,0.0,0.0,F,mc,codestral
4ae7_mc,4ae78960,codestral_b4ca_mc,failure,32.68,8574,6962,1612,0.0,0.0,0.0,F,mc,codestral
26d7_mc,26d714bf,codestral_b4ca_mc,failure,36.12,8150,6312,1838,0.0,0.0,0.0,F,mc,codestral
afef_mc,afef976a,codestral_b4ca_mc,failure,36.4,8362,6510,1852,0.0,0.0,0.0,F,mc,codestral
0c5e_mc,0c5efbd0,codestral_b4ca_mc,failure,35.34,8019,6218,1801,0.0,0.0,0.0,F,mc,codestral
bcf4_mc,bcf4eaef,codestral_b4ca_mc,failure,34.87,7432,5602,1830,0.0,0.0,0.0,F,mc,codestral
9f36_mc,9f364ed8,codestral_b4ca_mc,success,34.61,6919,5126,1793,0.0,0.0,0.0,F,mc,codestral
e5a9_mc,e5a90e66,codestral_b4ca_mc,success,41.34,9818,7782,2036,0.0,0.0,0.0,F,mc,codestral
0184_mc,01841132,codestral_b4ca_mc,success,19.26,4228,3232,996,0.0,0.0,0.0,F,mc,codestral
9dc5_mc,9dc56bab,codestral_b4ca_mc,success,16.13,2416,1513,903,0.0,0.0,0.0,F,mc,codestral
fba2_dp,fba2d7d6,codestral_b4ca_dp,success,123.76,34219,28198,6021,0.0,0.0,0.0,F,dp,codestral
fd98_dp,fd989a6b,codestral_b4ca_dp,success,56.62,14395,11498,2897,0.0,0.0,0.0,F,dp,codestral
663f_dp,663fa7c4,codestral_b4ca_dp,failure,98.28,26272,21448,4824,0.0,0.0,0.0,F,dp,codestral
e5f6_dp,e5f69ca4,codestral_b4ca_dp,failure,124.71,26883,20557,6326,0.0,0.0,0.0,F,dp,codestral
af40_dp,af40f791,codestral_b4ca_dp,success,91.94,20128,15413,4715,0.0,0.0,0.0,F,dp,codestral
3d7d_dp,3d7d292a,codestral_b4ca_dp,success,118.42,27079,21128,5951,0.0,0.0,0.0,F,dp,codestral
4e84_dp,4e84d5fb,codestral_b4ca_dp,failure,74.16,18827,15171,3656,0.0,0.0,0.0,F,dp,codestral
e0ac_dp,e0acfa1a,codestral_b4ca_dp,success,93.93,19921,15092,4829,0.0,0.0,0.0,F,dp,codestral
da42_dp,da428519,codestral_b4ca_dp,failure,112.16,23777,18115,5662,0.0,0.0,0.0,F,dp,codestral
7c67_dp,7c67954e,codestral_b4ca_dp,failure,83.26,18577,14371,4206,0.0,0.0,0.0,F,dp,codestral
1386_dp,1386a462,codestral_b4ca_dp,failure,120.92,30982,25053,5929,0.0,0.0,0.0,F,dp,codestral
4fe3_dp,4fe392a1,codestral_b4ca_dp,failure,27.48,8177,6823,1354,0.0,0.0,0.0,F,dp,codestral
bea2_dp,bea277b7,codestral_b4ca_dp,success,108.33,24139,18636,5503,0.0,0.0,0.0,F,dp,codestral
c609_dp,c609e5aa,codestral_b4ca_dp,success,108.34,25077,19627,5450,0.0,0.0,0.0,F,dp,codestral
bccb_dp,bccb74ab,codestral_b4ca_dp,failure,122.51,32410,26428,5982,0.0,0.0,0.0,F,dp,codestral
891c_dp,891c1870,codestral_b4ca_dp,success,80.51,20466,16429,4037,0.0,0.0,0.0,F,dp,codestral
8b71_dp,8b715501,codestral_b4ca_dp,success,98.09,20506,15458,5048,0.0,0.0,0.0,F,dp,codestral
e610_dp,e6107bee,codestral_b4ca_dp,failure,100.55,20140,15008,5132,0.0,0.0,0.0,F,dp,codestral
15b1_dp,15b13424,codestral_b4ca_dp,failure,101.58,26607,21596,5011,0.0,0.0,0.0,F,dp,codestral
c9b8_dp,c9b8b4be,codestral_b4ca_dp,failure,104.6,27663,22491,5172,0.0,0.0,0.0,F,dp,codestral
ee23_dp,ee23d647,codestral_b4ca_dp,success,78.15,18492,14489,4003,0.0,0.0,0.0,F,dp,codestral
4fc8_dp,4fc806e6,codestral_b4ca_dp,failure,93.44,20570,15852,4718,0.0,0.0,0.0,F,dp,codestral
f808_dp,f8084957,codestral_b4ca_dp,failure,66.26,15021,11693,3328,0.0,0.0,0.0,F,dp,codestral
9915_dp,991567e9,codestral_b4ca_dp,failure,98.22,28035,23287,4748,0.0,0.0,0.0,F,dp,codestral
a990_dp,a99011f2,codestral_b4ca_dp,failure,72.0,18407,14876,3531,0.0,0.0,0.0,F,dp,codestral
469a_dp,469a8555,codestral_b4ca_dp,failure,104.0,26707,21596,5111,0.0,0.0,0.0,F,dp,codestral
5824_dp,5824ace7,codestral_b4ca_dp,failure,105.6,22196,16803,5393,0.0,0.0,0.0,F,dp,codestral
b16e_dp,b16ecfa9,codestral_b4ca_dp,success,105.78,29738,24591,5147,0.0,0.0,0.0,F,dp,codestral
640e_dp,640ecd16,codestral_b4ca_dp,failure,95.23,24499,19811,4688,0.0,0.0,0.0,F,dp,codestral
ebe3_dp,ebe339ef,codestral_b4ca_dp,failure,118.52,27343,21302,6041,0.0,0.0,0.0,F,dp,codestral
f5_mc,f56464f9,gpt-4o_mc_7121,success,4.9030436044311525,604,299,305,0.00607,0.001495,0.004575,F,mc,gpt-4o
0f_mc,0f28a10a,gpt-4o_mc_7121,success,4.719018008636475,613,299,314,0.006205,0.001495,0.00471,F,mc,gpt-4o
07_mc,075d390d,gpt-4o_mc_7121,success,4.709442402618408,571,299,272,0.005575,0.001495,0.00408,F,mc,gpt-4o
81_mc,81fcfa5b,gpt-4o_mc_7121,success,3.65172467980957,548,299,249,0.00523,0.001495,0.003735,F,mc,gpt-4o
f9_mc,f9db7936,gpt-4o_mc_7121,success,6.49102264767456,545,299,246,0.005185,0.001495,0.00369,F,mc,gpt-4o
df_mc,df6b046a,gpt-4o_mc_7121,success,6.903663328979492,581,299,282,0.005725,0.001495,0.00423,F,mc,gpt-4o
be_mc,bef7fd15,gpt-4o_mc_7121,success,7.1282159993591305,606,299,307,0.0061,0.001495,0.004605,F,mc,gpt-4o
6b_mc,6bdee8fe,gpt-4o_mc_7121,success,5.245444335235596,565,299,266,0.005485,0.001495,0.00399,F,mc,gpt-4o
6c_mc,6ce14bcf,gpt-4o_mc_7121,success,4.048330252349854,559,299,260,0.005395,0.001495,0.0039,F,mc,gpt-4o
6a_mc,6acc5ae6,gpt-4o_mc_7121,success,5.138309217712402,592,299,293,0.00589,0.001495,0.004395,F,mc,gpt-4o
0c_mc,0c0bf152,gpt-4o_mc_7121,success,8.742768294128417,3949,3433,516,0.024905,0.017165,0.00774,F,mc,gpt-4o
f0_mc,f073942d,gpt-4o_mc_7121,success,10.21236815625,564,299,265,0.00547,0.001495,0.003975,F,mc,gpt-4o
5e_mc,5ef4951b,gpt-4o_mc_7121,success,6.0407116493225095,594,299,295,0.00592,0.001495,0.004425,F,mc,gpt-4o
28_mc,288d9f29,gpt-4o_mc_7121,success,4.575785527984619,584,299,285,0.00577,0.001495,0.004275,F,mc,gpt-4o
3d_mc,3db64ce8,gpt-4o_mc_7121,success,7.664649759765625,564,299,265,0.00547,0.001495,0.003975,F,mc,gpt-4o
29_mc,29f621d0,gpt-4o_mc_7121,success,5.345459002746582,571,299,272,0.005575,0.001495,0.00408,F,mc,gpt-4o
25_mc,25c13392,gpt-4o_mc_7121,success,5.797906509094238,551,299,252,0.005275,0.001495,0.00378,F,mc,gpt-4o
d9_mc,d945a143,gpt-4o_mc_7121,success,6.165386154296875,587,299,288,0.005815,0.001495,0.00432,F,mc,gpt-4o
18_mc,18071451,gpt-4o_mc_7121,success,5.5840123673706055,556,299,257,0.00535,0.001495,0.003855,F,mc,gpt-4o
7e_mc,7e48dfe6,gpt-4o_mc_7121,success,7.17503246170044,569,299,270,0.005545,0.001495,0.00405,F,mc,gpt-4o
5b_mc,5b3c7ea7,gpt-4o_mc_7121,success,6.549876478912354,590,299,291,0.00586,0.001495,0.004365,F,mc,gpt-4o
a5_mc,a548c1f2,gpt-4o_mc_7121,success,5.668741026062012,606,299,307,0.0061,0.001495,0.004605,F,mc,gpt-4o
8a_mc,8a0332e4,gpt-4o_mc_7121,success,6.908070066833496,564,299,265,0.00547,0.001495,0.003975,F,mc,gpt-4o
49_mc,49ae9567,gpt-4o_mc_7121,success,6.291970506622315,560,299,261,0.00541,0.001495,0.003915,F,mc,gpt-4o
70_mc,70af3961,gpt-4o_mc_7121,success,6.729789530487061,600,299,301,0.00601,0.001495,0.004515,F,mc,gpt-4o
7e_mc,7ee01614,gpt-4o_mc_7121,success,4.581627128051758,564,299,265,0.00547,0.001495,0.003975,F,mc,gpt-4o
44_mc,447b62ec,gpt-4o_mc_7121,success,8.751745727539063,575,299,276,0.005635,0.001495,0.00414,F,mc,gpt-4o
fe_mc,fe05af47,gpt-4o_mc_7121,success,4.392583285644531,567,299,268,0.005515,0.001495,0.00402,F,mc,gpt-4o
e5_mc,e5f3cd88,gpt-4o_mc_7121,success,4.515454382476807,575,299,276,0.005635,0.001495,0.00414,F,mc,gpt-4o
3f_mc,3f2ed1e4,gpt-4o_mc_7121,success,8.116725063415528,595,299,296,0.005935,0.001495,0.00444,F,mc,gpt-4o
d3_dp,d3fcb51a,gpt-4o_dp_2117,success,48.27920368225097,12095,9115,2980,0.090275,0.045575,0.0447,F,dp,gpt-4o
b3_dp,b378e170,gpt-4o_dp_2117,success,44.26379259234619,9866,7133,2733,0.07665009,0.035665,0.040995,F,dp,gpt-4o
5a_dp,5a473f8e,gpt-4o_dp_2117,success,38.004623788665775,11106,8702,2404,0.07957,0.04351,0.03606,F,dp,gpt-4o
db_dp,db4ece9f,gpt-4o_dp_2117,failure,57.39259021554565,16783,13252,3531,0.119225,0.06626,0.052965,F,dp,gpt-4o
95_dp,95b97723,gpt-4o_dp_2117,success,34.23037281729126,9434,6988,2446,0.07163,0.03493009,0.03669,F,dp,gpt-4o
64_dp,64f03fe2,gpt-4o_dp_2117,success,37.28404789752197,9135,6910,2225,0.067925,0.03455,0.033375,F,dp,gpt-4o
5f_dp,5fb0222f,gpt-4o_dp_2117,success,46.3824152385254,12951,10157,2794,0.092695,0.050785,0.04191,F,dp,gpt-4o
c8_dp,c8504d34,gpt-4o_dp_2117,success,38.711491094512944,9296,7023,2273,0.06921,0.035115,0.034095,F,dp,gpt-4o
49_dp,49c2b79d,gpt-4o_dp_2117,success,51.7234850451355,9431,6950,2481,0.071965,0.03474009,0.037215,F,dp,gpt-4o
2b_dp,2bdb844a,gpt-4o_dp_2117,failure,99.73810345849608,25086,18952,6134,0.18677,0.09476,0.09201,F,dp,gpt-4o
07_dp,07529acb,gpt-4o_dp_2117,success,38.02345526040649,10766,8430,2336,0.07719,0.04215,0.03504,F,dp,gpt-4o
0e_dp,0e3c243d,gpt-4o_dp_2117,success,35.304368298522945,9432,6974,2458,0.07174,0.03487,0.03687,F,dp,gpt-4o
32_dp,32b428e1,gpt-4o_dp_2117,success,40.97347865625,9443,7037,2406,0.071274,0.035185,0.03609,F,dp,gpt-4o
cf_dp,cfeeca5e,gpt-4o_dp_2117,success,36.72420898513794,10234,8172,2062,0.07179,0.04086,0.03093,F,dp,gpt-4o
6f_dp,6f529b61,gpt-4o_dp_2117,success,155.92570077206423,9007,7019,1988,0.064915,0.035095,0.02982,F,dp,gpt-4o
a4_dp,a4eceee3,gpt-4o_dp_2117,success,37.75733726904297,9293,7055,2238,0.068845,0.035275,0.03357,F,dp,gpt-4o
ac_dp,acc70e38,gpt-4o_dp_2117,success,37.25117387164306,10907,8645,2262,0.077155,0.043225,0.03393,F,dp,gpt-4o
90_dp,90542937,gpt-4o_dp_2117,success,33.498056226684575,8930,6707,2223,0.06688,0.033535,0.033345,F,dp,gpt-4o
7c_dp,7cf1c582,gpt-4o_dp_2117,success,32.579207692596434,9674,7103,2571,0.07408,0.035515,0.038565,F,dp,gpt-4o
data_failure,d9f7d017,gpt-4o_dp_2117,failure,67.33163140768433,20365,15940,4425,0.146074,0.0797,0.066375,F,dp,gpt-4o
4a_dp,4a3e2008,gpt-4o_dp_2117,success,41.06016542626953,8989,6756,2233,0.067275,0.03378,0.033495,F,dp,gpt-4o
0a_dp,0aecc406,gpt-4o_dp_2117,success,35.685015053710934,8881,6788,2093,0.065335,0.03394,0.031395,F,dp,gpt-4o
65_dp,65f3a69c,gpt-4o_dp_2117,success,35.35378749615479,8875,6702,2173,0.066105,0.03351,0.032595,F,dp,gpt-4o
49_dp,494251dd,gpt-4o_dp_2117,success,52.936901937347415,8950,6885,2065,0.0654,0.034425,0.030975,F,dp,gpt-4o
1d_dp,1dd00784,gpt-4o_dp_2117,success,40.38877197140503,8560,6562,1998,0.06278,0.03281,0.02997,F,dp,gpt-4o
95_dp,95b4a937,gpt-4o_dp_2117,success,52.98887287814331,9187,6884,2303,0.068965,0.03442,0.034545,F,dp,gpt-4o
db_dp,dbdab234,gpt-4o_dp_2117,success,38.72485700552368,10554,8448,2106,0.07382009,0.04224,0.03159,F,dp,gpt-4o
51_dp,517e9b66,gpt-4o_dp_2117,success,39.00023630462646,9300,6940,2360,0.0701,0.0347,0.0354,F,dp,gpt-4o
71_dp,719f4dd0,gpt-4o_dp_2117,success,43.71643800527954,9572,7071,2501,0.07287,0.035355,0.037515,F,dp,gpt-4o
ae_dp,aec55b16,gpt-4o_dp_2117,success,41.481400521698,8869,6916,1953,0.063874,0.03458,0.029294,F,dp,gpt-4o
38_sg,3856dbb2,gpt-4o_2172_sg,success,67.71191998175048,13374,9098,4276,0.10962009,0.04549,0.06414,F,sg,gpt-4o
8a_sg,8a37c78d,gpt-4o_2172_sg,success,66.0346349316101,15406,11097,4309,0.12012,0.055485,0.064635,F,sg,gpt-4o
ad_sg,ad3ad388,gpt-4o_2172_sg,failure,74.32868467633057,15297,10922,4375,0.120235,0.05461,0.065625,F,sg,gpt-4o
76_sg,7616819c,gpt-4o_2172_sg,failure,85.6119302466736,13837,10099,3738,0.106565,0.050495,0.05607,F,sg,gpt-4o
6a_sg,6a883845,gpt-4o_2172_sg,failure,87.92194316223146,17181,13021,4160,0.127505,0.065105,0.0624,F,sg,gpt-4o
ea_sg,ead1ba5a,gpt-4o_2172_sg,failure,65.25940492678833,16644,12570,4074,0.12396,0.06285,0.06111,F,sg,gpt-4o
51_sg,511f2a5c,gpt-4o_2172_sg,success,64.2874832263794,14565,10754,3811,0.110935,0.05377,0.057165,F,sg,gpt-4o
dc_sg,dc248bab,gpt-4o_2172_sg,failure,63.73261174288941,14773,10128,4645,0.120315,0.05064,0.069675,F,sg,gpt-4o
03_sg,03d8fc6a,gpt-4o_2172_sg,failure,76.16813728082276,13976,9430,4546,0.11534,0.04715,0.06819,F,sg,gpt-4o
de_sg,de2a3ae0,gpt-4o_2172_sg,success,30.204875426177978,9153,6899,2254,0.068305,0.034495,0.03381,F,sg,gpt-4o
f7_sg,f7063316,gpt-4o_2172_sg,failure,55.88748239050293,16682,12511,4171,0.12512,0.062555,0.062565,F,sg,gpt-4o
5a_sg,5a3d5009,gpt-4o_2172_sg,failure,75.44666173315429,14655,10119,4536,0.118635,0.050595,0.06804,F,sg,gpt-4o
66_sg,66f4bda5,gpt-4o_2172_sg,failure,70.7839084944458,15570,11117,4453,0.12238,0.055584,0.066795,F,sg,gpt-4o
15_sg,150e54b9,gpt-4o_2172_sg,failure,65.30629204226685,12285,8952,3333,0.094755,0.04476,0.049995,F,sg,gpt-4o
23_sg,23ba3d3f,gpt-4o_2172_sg,success,38.420559729736325,9710,7144,2566,0.07421,0.03572,0.03849,F,sg,gpt-4o
13_sg,13b548f2,gpt-4o_2172_sg,success,47.876585537902834,12173,8770,3403,0.094895,0.04385,0.051045,F,sg,gpt-4o
b6_sg,b64f98d2,gpt-4o_2172_sg,success,7.733686385498046,1840,1361,479,0.01399,0.006805,0.007185,F,sg,gpt-4o
91_sg,91ec8372,gpt-4o_2172_sg,failure,61.81950876361084,13442,9038,4404,0.11124009,0.04519,0.06606,F,sg,gpt-4o
d2_sg,d2203b99,gpt-4o_2172_sg,failure,45.38672440460205,13239,9975,3264,0.098835,0.049875,0.04896,F,sg,gpt-4o
8f_sg,8fc5e89e,gpt-4o_2172_sg,success,72.77571108737183,12559,8607,3952,0.102315,0.043035,0.05928,F,sg,gpt-4o
bc_sg,bcc7f532,gpt-4o_2172_sg,failure,72.53782065875244,13232,9352,3880,0.10496,0.04675009,0.0582,F,sg,gpt-4o
5e_sg,5e6ed40c,gpt-4o_2172_sg,success,63.05647420855713,14091,10244,3847,0.108925,0.05122,0.057705,F,sg,gpt-4o
15_sg,15cb08f4,gpt-4o_2172_sg,failure,84.21858700814819,14310,10047,4263,0.11418,0.050235,0.063945,F,sg,gpt-4o
ff_sg,ff5f327c,gpt-4o_2172_sg,success,48.41174850564576,12326,8932,3394,0.09557,0.04466,0.05091,F,sg,gpt-4o
54_sg,54b2f9c1,gpt-4o_2172_sg,failure,65.18909836614989,11661,7834,3827,0.096575,0.03916009,0.057405,F,sg,gpt-4o
5c_sg,5c613e9b,gpt-4o_2172_sg,failure,54.59960183886718,15709,11998,3711,0.115655,0.05999,0.055665,F,sg,gpt-4o
dc_sg,dcc6a56d,gpt-4o_2172_sg,failure,68.54468020135498,13687,9380,4307,0.111504,0.0469,0.064605,F,sg,gpt-4o
25_sg,253593fb,gpt-4o_2172_sg,failure,57.87804504638671,16333,12263,4070,0.122365,0.061314,0.06105,F,sg,gpt-4o
61_sg,61fb3a8a,gpt-4o_2172_sg,failure,49.57345085961914,14665,11156,3509,0.108415,0.05577009,0.052635,F,sg,gpt-4o
84_sg,84c640b6,gpt-4o_2172_sg,success,29.724434893005373,7254,5375,1879,0.05506,0.026875,0.028185,F,sg,gpt-4o
0c_mc,0cda415f,g4o-m_1128_mc,failure,20.26034702319336,9068,7900,1168,0.0018858,0.001184,0.0007008,F,mc,gpt-4o-mini
2e_mc,2e36eabc,g4o-m_1128_mc,success,14.01117447290039,11228,10073,1155,0.00220395,0.001510940999,0.000693,F,mc,gpt-4o-mini
87_mc,8772aab0,g4o-m_1128_mc,success,8.425782573669434,3947,3442,505,0.0008193,0.0005163,0.000303,F,mc,gpt-4o-mini
ef_mc,ef88b426,g4o-m_1128_mc,success,6.395492321075439,2615,2170,445,0.0005925,0.0003255,0.000267,F,mc,gpt-4o-mini
b4_mc,b4da759c,g4o-m_1128_mc,success,3.0881626898498533,519,299,220,0.00017685,4.485e-05,0.000132,F,mc,gpt-4o-mini
b2_mc,b2accd73,g4o-m_1128_mc,success,9.0531938888855,3823,3414,409,0.000757409999,0.0005121,0.0002454,F,mc,gpt-4o-mini
66_mc,66ee9921,g4o-m_1128_mc,success,4.962651286193848,2555,2147,408,0.00056685,0.00032205,0.0002448,F,mc,gpt-4o-mini
66_mc,663a6462,g4o-m_1128_mc,failure,34.664507687683106,9487,8075,1412,0.00205845,0.001211240999,0.0008472,F,mc,gpt-4o-mini
36_mc,368d2a3f,g4o-m_1128_mc,success,8.730250643554687,3951,3436,515,0.0008244,0.0005154,0.000309,F,mc,gpt-4o-mini
b0_mc,b09483a7,g4o-m_1128_mc,success,12.839235083343508,6328,5441,887,0.00134835,0.00081615,0.0005322,F,mc,gpt-4o-mini
c3_mc,c3d2d929,g4o-m_1128_mc,success,3.0206099649047853,533,299,234,0.00018525,4.485e-05,0.0001404,F,mc,gpt-4o-mini
2a_mc,2aeb5359,g4o-m_1128_mc,failure,17.931787210754393,9322,7997,1325,0.00199455,0.001199540999,0.000794,F,mc,gpt-4o-mini
37_mc,376100b6,g4o-m_1128_mc,success,22.265292884887696,9800,8186,1614,0.0021963,0.0012279,0.0009684,F,mc,gpt-4o-mini
91_mc,913c0209,g4o-m_1128_mc,success,18.555740223663328,9945,8294,1651,0.0022347,0.0012441,0.0009906,F,mc,gpt-4o-mini
0d_mc,0d492976,g4o-m_1128_mc,success,4.497499339538575,533,299,234,0.00018525,4.485e-05,0.0001404,F,mc,gpt-4o-mini
09_mc,0909b7ef,g4o-m_1128_mc,failure,18.35904758544922,12801,11521,1280,0.00249615,0.00172815,0.000768,F,mc,gpt-4o-mini
fe_mc,fe030253,g4o-m_1128_mc,success,7.401046801849365,3926,3426,500,0.0008139,0.0005139,0.0003,F,mc,gpt-4o-mini
67_mc,6700fe59,g4o-m_1128_mc,success,5.960560640838622,3854,3397,457,0.00078375,0.00050955,0.0002742,F,mc,gpt-4o-mini
20_mc,20e1a021,g4o-m_1128_mc,success,6.979644398712158,2652,2192,460,0.0006048,0.000328709999,0.000276,F,mc,gpt-4o-mini
98_mc,9836a0cb,g4o-m_1128_mc,failure,23.94450998626709,9981,8290,1691,0.0022581,0.0012435,0.0010146,F,mc,gpt-4o-mini
5c_dp,5c77850d,g4o-m_1128_dp,success,74.5552726531372,18586,14040,4546,0.0048336,0.002106,0.0027276,F,dp,gpt-4o-mini
a2_dp,a2e9e5f1,g4o-m_1128_dp,success,113.37714802807618,27874,21448,6426,0.0070728,0.0032172,0.0038556,F,dp,gpt-4o-mini
3d_dp,3d57e52c,g4o-m_1128_dp,success,92.43358177996826,19308,14612,4696,0.0050094,0.0021918,0.0028176,F,dp,gpt-4o-mini
8c_dp,8cbdc248,g4o-m_1128_dp,success,82.86460775051879,18982,14014,4968,0.0050829,0.0021021,0.0029808,F,dp,gpt-4o-mini
79_dp,79547eb9,g4o-m_1128_dp,success,75.9299351743164,19126,14324,4802,0.0050298,0.002148509999,0.0028812,F,dp,gpt-4o-mini
4e_dp,4e205516,g4o-m_1128_dp,success,102.54309350601196,19404,14334,5070,0.0051921,0.0021501,0.003042,F,dp,gpt-4o-mini
dd_dp,ddcbf17c,g4o-m_1128_dp,success,70.6807896602478,17396,13686,3710,0.0042789,0.0020529,0.002225,F,dp,gpt-4o-mini
fb_dp,fb7f34f4,g4o-m_1128_dp,success,63.56793870516968,17518,13736,3782,0.004329509999,0.0020604,0.0022692,F,dp,gpt-4o-mini
05_dp,054627b5,g4o-m_1128_dp,success,100.16890295129394,18718,14002,4716,0.0049299,0.0021003,0.0028296,F,dp,gpt-4o-mini
25_dp,25f05669,g4o-m_1128_dp,failure,126.2889164917908,34920,28000,6920,0.008351,0.0042,0.004151,F,dp,gpt-4o-mini
d9_dp,d930534f,g4o-m_1128_dp,success,102.2866728916626,23230,18010,5220,0.0058335,0.0027015,0.003132,F,dp,gpt-4o-mini
cf_dp,cff03552,g4o-m_1128_dp,success,85.22794291302489,19012,14322,4690,0.004962209999,0.0021483,0.002814,F,dp,gpt-4o-mini
19_dp,193fc55a,g4o-m_1128_dp,success,129.09543573846435,27598,20758,6840,0.0072177,0.0031137,0.004104,F,dp,gpt-4o-mini
69_dp,694d3197,g4o-m_1128_dp,success,86.41674368334961,19182,14106,5076,0.0051615,0.0021159,0.0030456,F,dp,gpt-4o-mini
93_dp,93b8bfd0,g4o-m_1128_dp,success,65.3797488979187,17572,13658,3914,0.0043971,0.0020487,0.0023484,F,dp,gpt-4o-mini
b9_dp,b961301a,g4o-m_1128_dp,success,78.46950532855223,17390,13604,3786,0.0043122,0.0020406,0.0022716,F,dp,gpt-4o-mini
1d_dp,1d62cb84,g4o-m_1128_dp,success,93.99390522052002,22402,17512,4890,0.0055608,0.0026268,0.002934,F,dp,gpt-4o-mini
46_dp,46f13a7a,g4o-m_1128_dp,failure,60.04380911651611,20526,16690,3836,0.0048051,0.0025035,0.0023016,F,dp,gpt-4o-mini
38_dp,3800b88f,g4o-m_1128_dp,success,149.0391780149231,36578,27476,9102,0.0095826,0.0041214,0.005461109999,F,dp,gpt-4o-mini
cc_dp,cccb137a,g4o-m_1128_dp,success,72.47796235485839,18552,13904,4648,0.0048744,0.0020856,0.0027888,F,dp,gpt-4o-mini
64_sg,6489146f,g4o-m_1128_sg,failure,90.873636765625,31982,24684,7298,0.008081309999,0.0037026,0.0043788,F,sg,gpt-4o-mini
95_sg,95368318,g4o-m_1128_sg,failure,69.27012369494629,29410,23528,5882,0.007058309999,0.0035292,0.003529109999,F,sg,gpt-4o-mini
f1_sg,f10bd938,g4o-m_1128_sg,failure,71.3822935206604,29402,23580,5822,0.0070302,0.003537,0.0034932,F,sg,gpt-4o-mini
68_sg,68e4fae8,g4o-m_1128_sg,failure,95.160281588562,33098,25266,7832,0.0084891,0.0037899,0.0046992,F,sg,gpt-4o-mini
eb_sg,eb706d82,g4o-m_1128_sg,failure,102.36040336825562,31452,24428,7024,0.0078786,0.0036642,0.0042144,F,sg,gpt-4o-mini
2b_sg,2b7d8b5d,g4o-m_1128_sg,failure,76.54030180410766,31186,24386,6800,0.0077379,0.0036579,0.00408,F,sg,gpt-4o-mini
af_sg,af7e46a7,g4o-m_1128_sg,failure,78.02802867382812,30986,24338,6648,0.0076395,0.0036507,0.0039888,F,sg,gpt-4o-mini
21_sg,218dfdd9,g4o-m_1128_sg,failure,70.27715338119506,30264,23898,6366,0.0074043,0.0035847,0.0038196,F,sg,gpt-4o-mini
8e_sg,8efbbcec,g4o-m_1128_sg,failure,76.00431544653321,30764,24190,6574,0.0075729,0.003628409999,0.0039444,F,sg,gpt-4o-mini
ae_sg,ae0380e0,g4o-m_1128_sg,failure,67.50490620687867,29256,23480,5776,0.0069876,0.003522,0.0034656,F,sg,gpt-4o-mini
a0_sg,a0a8a28a,g4o-m_1128_sg,failure,77.04862934472658,30344,24108,6236,0.0073578,0.0036162,0.0037416,F,sg,gpt-4o-mini
80_sg,8068db4d,g4o-m_1128_sg,failure,70.48208430419922,29286,23510,5776,0.006992009999,0.0035265,0.0034656,F,sg,gpt-4o-mini
81_sg,81b5b9bb,g4o-m_1128_sg,failure,90.1294641616516,31114,24326,6788,0.0077217,0.0036489,0.0040728,F,sg,gpt-4o-mini
e8_sg,e88fe979,g4o-m_1128_sg,success,15.251895996368408,5172,3934,1238,0.0013329,0.0005901,0.0007428,F,sg,gpt-4o-mini
77_sg,7746c408,g4o-m_1128_sg,success,16.2443262852478,5254,3934,1320,0.0013821,0.0005901,0.000792,F,sg,gpt-4o-mini
e9_sg,e97f285f,g4o-m_1128_sg,failure,114.92987786102296,17770,13382,4388,0.004640009999,0.0020073,0.0026328,F,sg,gpt-4o-mini
6d_sg,6da13815,g4o-m_1128_sg,failure,70.05745819659424,30200,23864,6336,0.0073812,0.003579509999,0.0038016,F,sg,gpt-4o-mini
0f_sg,0f3641b8,g4o-m_1128_sg,failure,67.62538916439819,30002,23816,6186,0.007283,0.0035724,0.0037116,F,sg,gpt-4o-mini
b1_sg,b17e1fed,g4o-m_1128_sg,failure,82.27926236499023,30650,24078,6572,0.0075549,0.0036117,0.0039432,F,sg,gpt-4o-mini
04_sg,04bad66f,g4o-m_1128_sg,failure,77.1011599911499,30536,24062,6474,0.0074937,0.0036093,0.003884309999,F,sg,gpt-4o-mini
21a7_dp,21a71240,phi4_da0a_dp,failure,59.2,18385,14463,3922,0.0,0.0,0.0,F,dp,phi4
0022_dp,00220b8a,phi4_da0a_dp,failure,64.04,20112,15859,4253,0.0,0.0,0.0,F,dp,phi4
421b_dp,421b575f,phi4_da0a_dp,failure,98.57,28556,22110,6446,0.0,0.0,0.0,F,dp,phi4
c865_dp,c86526c0,phi4_da0a_dp,success,36.88,12323,9869,2454,0.0,0.0,0.0,F,dp,phi4
60a0_dp,60a0aeb6,phi4_da0a_dp,failure,32.09,11404,9273,2131,0.0,0.0,0.0,F,dp,phi4
fc75_dp,fc751c33,phi4_da0a_dp,success,38.45,14696,12163,2533,0.0,0.0,0.0,F,dp,phi4
732d_dp,732d8792,phi4_da0a_dp,failure,57.61,18051,14252,3799,0.0,0.0,0.0,F,dp,phi4
d0a4_dp,d0a4bc0d,phi4_da0a_dp,success,43.52,13817,10899,2918,0.0,0.0,0.0,F,dp,phi4
19da_dp,19da2fcd,phi4_da0a_dp,failure,63.49,19764,15593,4171,0.0,0.0,0.0,F,dp,phi4
4a6d_dp,4a6dea11,phi4_da0a_dp,failure,59.91,14841,10824,4017,0.0,0.0,0.0,F,dp,phi4
8298_dp,829859d3,phi4_da0a_dp,success,35.88,12917,10547,2370,0.0,0.0,0.0,F,dp,phi4
aaf6_dp,aaf6fed3,phi4_da0a_dp,failure,52.98,18579,15136,3443,0.0,0.0,0.0,F,dp,phi4
f29a_dp,f29a4202,phi4_da0a_dp,failure,44.19,12961,10022,2939,0.0,0.0,0.0,F,dp,phi4
faf5_dp,faf54ebe,phi4_da0a_dp,success,36.03,11485,9047,2438,0.0,0.0,0.0,F,dp,phi4
870a_dp,870a2401,phi4_da0a_dp,success,42.85,15071,12210,2861,0.0,0.0,0.0,F,dp,phi4
8d3a_dp,8d3a6ffd,phi4_da0a_dp,failure,44.1,14743,11801,2942,0.0,0.0,0.0,F,dp,phi4
803d_dp,803d2635,phi4_da0a_dp,success,34.49,11361,9025,2336,0.0,0.0,0.0,F,dp,phi4
bb00_dp,bb0045ef,phi4_da0a_dp,failure,47.23,15818,12749,3069,0.0,0.0,0.0,F,dp,phi4
b57e_dp,b57ecccf,phi4_da0a_dp,failure,69.41,17963,13333,4630,0.0,0.0,0.0,F,dp,phi4
1728_dp,1728277d,phi4_da0a_dp,success,34.67,11309,8967,2342,0.0,0.0,0.0,F,dp,phi4
fb53_dp,fb5317d5,phi4_da0a_dp,success,32.06,11467,9318,2149,0.0,0.0,0.0,F,dp,phi4
30c5_dp,30c53cfd,phi4_da0a_dp,success,36.49,12918,10479,2439,0.0,0.0,0.0,F,dp,phi4
27bf_dp,27bf65de,phi4_da0a_dp,success,63.26,16860,12545,4315,0.0,0.0,0.0,F,dp,phi4
49f5_dp,49f5dc63,phi4_da0a_dp,success,37.26,12183,9675,2508,0.0,0.0,0.0,F,dp,phi4
ce44_dp,ce44a697,phi4_da0a_dp,success,37.92,13179,10675,2504,0.0,0.0,0.0,F,dp,phi4
114a_dp,114a3cab,phi4_da0a_dp,failure,51.57,18039,14624,3415,0.0,0.0,0.0,F,dp,phi4
fd74_dp,fd74d669,phi4_da0a_dp,success,35.53,11413,9001,2412,0.0,0.0,0.0,F,dp,phi4
138b_dp,138b5c3c,phi4_da0a_dp,failure,57.81,16951,13107,3844,0.0,0.0,0.0,F,dp,phi4
049d_dp,049dfc1b,phi4_da0a_dp,failure,51.39,17441,14086,3355,0.0,0.0,0.0,F,dp,phi4
1a7d_dp,1a7de615,phi4_da0a_dp,success,40.12,12014,9280,2734,0.0,0.0,0.0,F,dp,phi4
27b2_sg,27b28cf9,phi4_6886_sg,failure,154.62,17097,11046,6051,0.0,0.0,0.0,F,sg,phi4
98f7_sg,98f72762,phi4_6886_sg,failure,93.55,20328,14162,6166,0.0,0.0,0.0,F,sg,phi4
5e02_sg,5e0277ad,phi4_6886_sg,failure,85.47,16082,11048,5034,0.0,0.0,0.0,F,sg,phi4
f240_sg,f2404e3c,phi4_6886_sg,failure,79.66,17342,12411,4931,0.0,0.0,0.0,F,sg,phi4
3ab5_sg,3ab5a23d,phi4_6886_sg,failure,111.19,16759,11017,5742,0.0,0.0,0.0,F,sg,phi4
574d_sg,574d643a,phi4_6886_sg,failure,93.09,16378,11048,5330,0.0,0.0,0.0,F,sg,phi4
a5d4_sg,a5d48321,phi4_6886_sg,success,30.36,6830,4902,1928,0.0,0.0,0.0,F,sg,phi4
e26e_sg,e26e9d89,phi4_6886_sg,failure,86.03,16328,11036,5292,0.0,0.0,0.0,F,sg,phi4
af83_sg,af83a94a,phi4_6886_sg,failure,87.41,16439,11018,5421,0.0,0.0,0.0,F,sg,phi4
78f6_sg,78f67c73,phi4_6886_sg,failure,91.63,18191,12628,5563,0.0,0.0,0.0,F,sg,phi4
772d_sg,772d5c04,phi4_6886_sg,failure,87.66,16098,11044,5054,0.0,0.0,0.0,F,sg,phi4
576e_sg,576e7a0d,phi4_6886_sg,failure,82.06,17635,12615,5020,0.0,0.0,0.0,F,sg,phi4
0da5_sg,0da5dfbe,phi4_6886_sg,failure,92.46,16271,11029,5242,0.0,0.0,0.0,F,sg,phi4
ad66_sg,ad66fb92,phi4_6886_sg,failure,79.61,17144,12457,4687,0.0,0.0,0.0,F,sg,phi4
e229_sg,e229c965,phi4_6886_sg,failure,90.35,15916,11047,4869,0.0,0.0,0.0,F,sg,phi4
08ea_sg,08ea9a89,phi4_6886_sg,failure,76.67,15967,11039,4928,0.0,0.0,0.0,F,sg,phi4
4122_sg,4122f00b,phi4_6886_sg,failure,80.25,15629,10836,4793,0.0,0.0,0.0,F,sg,phi4
49be_sg,49be46f8,phi4_6886_sg,failure,95.58,18529,12590,5939,0.0,0.0,0.0,F,sg,phi4
ece9_sg,ece944a2,phi4_6886_sg,failure,91.1,16343,11034,5309,0.0,0.0,0.0,F,sg,phi4
8187_sg,8187d6b4,phi4_6886_sg,failure,103.79,17109,11034,6075,0.0,0.0,0.0,F,sg,phi4
5bbe_sg,5bbec586,phi4_6886_sg,failure,88.9,16107,10823,5284,0.0,0.0,0.0,F,sg,phi4
21a1_sg,21a1ae0a,phi4_6886_sg,failure,85.57,15984,10992,4992,0.0,0.0,0.0,F,sg,phi4
564c_sg,564c65c2,phi4_6886_sg,failure,85.47,16266,11108,5158,0.0,0.0,0.0,F,sg,phi4
2144_sg,21444a0a,phi4_6886_sg,failure,260.94,16032,11103,4929,0.0,0.0,0.0,F,sg,phi4
2dda_sg,2dda8814,phi4_6fca_sg,failure,155.49,17002,11076,5926,0.0,0.0,0.0,F,sg,phi4
58a0_sg,58a09e78,phi4_6fca_sg,failure,95.22,16216,11074,5142,0.0,0.0,0.0,F,sg,phi4
2a9c_sg,2a9cf03e,phi4_6fca_sg,failure,89.28,16656,11094,5562,0.0,0.0,0.0,F,sg,phi4
18ab_sg,18ab14b9,phi4_6fca_sg,failure,94.36,16730,11093,5637,0.0,0.0,0.0,F,sg,phi4
8b09_sg,8b09f3f1,phi4_6fca_sg,failure,87.54,16146,10862,5284,0.0,0.0,0.0,F,sg,phi4
1093_sg,10938e15,phi4_6fca_sg,failure,92.74,16355,11033,5322,0.0,0.0,0.0,F,sg,phi4
6b45_mc,6b45d579,phi4_da0a_mc,success,41.03,4244,3042,1202,0.0,0.0,0.0,F,mc,phi4
2f94_mc,2f9442e1,phi4_da0a_mc,success,13.53,2705,1744,961,0.0,0.0,0.0,F,mc,phi4
205b_mc,205b46a9,phi4_da0a_mc,success,3.83,676,389,287,0.0,0.0,0.0,F,mc,phi4
9902_mc,99022409,phi4_da0a_mc,success,4.44,724,389,335,0.0,0.0,0.0,F,mc,phi4
587f_mc,587fb2d7,phi4_da0a_mc,success,5.18,784,389,395,0.0,0.0,0.0,F,mc,phi4
d175_mc,d17539e7,phi4_da0a_mc,success,4.35,720,389,331,0.0,0.0,0.0,F,mc,phi4
50ad_mc,50ad74bd,phi4_da0a_mc,success,4.87,758,389,369,0.0,0.0,0.0,F,mc,phi4
946d_mc,946dadfc,phi4_da0a_mc,success,17.78,4403,3185,1218,0.0,0.0,0.0,F,mc,phi4
2274_mc,22746f2e,phi4_da0a_mc,failure,32.57,8731,6561,2170,0.0,0.0,0.0,F,mc,phi4
5fbd_mc,5fbd12ea,phi4_da0a_mc,success,5.22,781,389,392,0.0,0.0,0.0,F,mc,phi4
6e70_mc,6e706969,phi4_da0a_mc,success,5.08,776,389,387,0.0,0.0,0.0,F,mc,phi4
5d5c_mc,5d5c56ad,phi4_da0a_mc,success,4.04,694,389,305,0.0,0.0,0.0,F,mc,phi4
04a2_mc,04a2c735,phi4_da0a_mc,success,4.54,735,389,346,0.0,0.0,0.0,F,mc,phi4
361d_mc,361dd059,phi4_da0a_mc,success,12.21,3262,2437,825,0.0,0.0,0.0,F,mc,phi4
8551_mc,8551bdcd,phi4_da0a_mc,success,4.7,733,389,344,0.0,0.0,0.0,F,mc,phi4
cc52_mc,cc52a19a,phi4_da0a_mc,success,4.3,716,389,327,0.0,0.0,0.0,F,mc,phi4
207e_mc,207e87e3,phi4_da0a_mc,success,18.84,4878,3607,1271,0.0,0.0,0.0,F,mc,phi4
94f4_mc,94f4180a,phi4_da0a_mc,success,12.59,3284,2437,847,0.0,0.0,0.0,F,mc,phi4
0c13_mc,0c135c97,phi4_da0a_mc,success,15.94,2930,1806,1124,0.0,0.0,0.0,F,mc,phi4
e857_mc,e857a090,phi4_da0a_mc,success,27.62,6653,4755,1898,0.0,0.0,0.0,F,mc,phi4
a90c_mc,a90c2499,phi4_da0a_mc,success,18.41,4788,3558,1230,0.0,0.0,0.0,F,mc,phi4
0c57_mc,0c57db49,phi4_da0a_mc,success,4.24,707,389,318,0.0,0.0,0.0,F,mc,phi4
453a_mc,453a8ac1,phi4_da0a_mc,success,4.22,710,389,321,0.0,0.0,0.0,F,mc,phi4
fc44_mc,fc44f7aa,phi4_da0a_mc,success,11.02,2763,1997,766,0.0,0.0,0.0,F,mc,phi4
8525_mc,8525750c,phi4_da0a_mc,success,4.36,717,389,328,0.0,0.0,0.0,F,mc,phi4
dd11_mc,dd116c9e,phi4_da0a_mc,success,4.79,754,389,365,0.0,0.0,0.0,F,mc,phi4
f1b5_mc,f1b59ea3,phi4_da0a_mc,success,4.4,724,389,335,0.0,0.0,0.0,F,mc,phi4
bce2_mc,bce2c629,phi4_da0a_mc,success,40.01,683,389,294,0.0,0.0,0.0,F,mc,phi4
f118_mc,f1189779,phi4_da0a_mc,success,3.85,674,389,285,0.0,0.0,0.0,F,mc,phi4
5730_mc,573033a7,phi4_da0a_mc,success,18.28,2789,1765,1024,0.0,0.0,0.0,F,mc,phi4
42d6_sg,42d67a18,codestral_a190_sg,success,85.38,12558,9889,2669,0.0,0.0,0.0,T,sg,codestral
e1d7_sg,e1d7574d,codestral_a190_sg,failure,73.1,17518,14011,3507,0.0,0.0,0.0,T,sg,codestral
d30d_sg,d30dc3a7,codestral_a190_sg,failure,73.22,17527,14011,3516,0.0,0.0,0.0,T,sg,codestral
9a0f_sg,9a0f7956,codestral_a190_sg,failure,87.84,18329,14011,4318,0.0,0.0,0.0,T,sg,codestral
081f_sg,081fd0e4,codestral_a190_sg,failure,99.04,22868,18080,4788,0.0,0.0,0.0,T,sg,codestral
0c45_sg,0c4525ea,codestral_a190_sg,failure,75.93,17665,14011,3654,0.0,0.0,0.0,T,sg,codestral
609b_sg,609b91ba,codestral_a190_sg,failure,73.13,17521,14011,3510,0.0,0.0,0.0,T,sg,codestral
3150_sg,3150ef6e,codestral_a190_sg,failure,86.53,18255,14011,4244,0.0,0.0,0.0,T,sg,codestral
bf99_sg,bf99f842,codestral_a190_sg,failure,82.71,18045,14011,4034,0.0,0.0,0.0,T,sg,codestral
a0c6_sg,a0c68fe9,codestral_a190_sg,failure,92.76,18595,14011,4584,0.0,0.0,0.0,T,sg,codestral
c1ea_sg,c1ea1ca0,codestral_a190_sg,failure,88.4,18344,14011,4333,0.0,0.0,0.0,T,sg,codestral
682c_sg,682c15fc,codestral_a190_sg,failure,76.3,17690,14011,3679,0.0,0.0,0.0,T,sg,codestral
0b30_sg,0b30f556,codestral_a190_sg,failure,71.97,17459,14011,3448,0.0,0.0,0.0,T,sg,codestral
0b1b_sg,0b1b3c6b,codestral_a190_sg,failure,89.78,18439,14011,4428,0.0,0.0,0.0,T,sg,codestral
d960_sg,d960bce1,codestral_a190_sg,failure,89.71,18427,14011,4416,0.0,0.0,0.0,T,sg,codestral
ca24_sg,ca249fc8,codestral_a190_sg,failure,86.54,18245,14011,4234,0.0,0.0,0.0,T,sg,codestral
2ecb_sg,2ecb63c8,codestral_a190_sg,failure,74.04,17572,14011,3561,0.0,0.0,0.0,T,sg,codestral
5476_sg,5476d253,codestral_a190_sg,failure,73.43,17536,14011,3525,0.0,0.0,0.0,T,sg,codestral
06f2_sg,06f2b6e5,codestral_a190_sg,failure,74.12,17579,14011,3568,0.0,0.0,0.0,T,sg,codestral
7e84_sg,7e84f6e2,codestral_a190_sg,failure,73.83,17561,14011,3550,0.0,0.0,0.0,T,sg,codestral
6cc6_sg,6cc639eb,codestral_a190_sg,failure,74.26,17586,14011,3575,0.0,0.0,0.0,T,sg,codestral
f6d9_sg,f6d9a31b,codestral_a190_sg,failure,87.59,18299,14011,4288,0.0,0.0,0.0,T,sg,codestral
6fe1_sg,6fe15b2b,codestral_a190_sg,failure,74.38,17582,14011,3571,0.0,0.0,0.0,T,sg,codestral
8315_sg,8315e08e,codestral_a190_sg,failure,80.67,17927,14011,3916,0.0,0.0,0.0,T,sg,codestral
f72a_sg,f72a5281,codestral_a190_sg,failure,84.62,18154,14011,4143,0.0,0.0,0.0,T,sg,codestral
e09b_sg,e09bc820,codestral_a190_sg,failure,83.79,18107,14011,4096,0.0,0.0,0.0,T,sg,codestral
d2b3_sg,d2b3b9c3,codestral_a190_sg,failure,74.52,17595,14011,3584,0.0,0.0,0.0,T,sg,codestral
5baf_sg,5baf6a74,codestral_a190_sg,failure,82.27,18020,14011,4009,0.0,0.0,0.0,T,sg,codestral
2b14_sg,2b14ec54,codestral_a190_sg,failure,73.9,17566,14011,3555,0.0,0.0,0.0,T,sg,codestral
8ec1_sg,8ec1a733,codestral_a190_sg,failure,73.91,17565,14011,3554,0.0,0.0,0.0,T,sg,codestral
dc2a_mc,dc2a339e,codestral_a190_mc,success,28.82,5909,4406,1503,0.0,0.0,0.0,T,mc,codestral
f305_mc,f3053246,codestral_a190_mc,failure,31.1,8010,6442,1568,0.0,0.0,0.0,T,mc,codestral
afe1_mc,afe1ef28,codestral_a190_mc,success,28.09,5879,4406,1473,0.0,0.0,0.0,T,mc,codestral
b3f4_mc,b3f4ac8b,codestral_a190_mc,success,27.94,5882,4406,1476,0.0,0.0,0.0,T,mc,codestral
3f91_mc,3f91f25b,codestral_a190_mc,success,27.73,5871,4406,1465,0.0,0.0,0.0,T,mc,codestral
d94b_mc,d94bbd29,codestral_a190_mc,success,28.11,5890,4406,1484,0.0,0.0,0.0,T,mc,codestral
28c7_mc,28c7c5fa,codestral_a190_mc,failure,30.31,7962,6433,1529,0.0,0.0,0.0,T,mc,codestral
ab2b_mc,ab2bc88f,codestral_a190_mc,success,28.05,5880,4406,1474,0.0,0.0,0.0,T,mc,codestral
10da_mc,10da14de,codestral_a190_mc,success,28.32,5902,4406,1496,0.0,0.0,0.0,T,mc,codestral
cc73_mc,cc734dc1,codestral_a190_mc,success,27.64,5864,4406,1458,0.0,0.0,0.0,T,mc,codestral
c24f_mc,c24f8582,codestral_a190_mc,success,27.85,5878,4406,1472,0.0,0.0,0.0,T,mc,codestral
9d69_mc,9d6953bd,codestral_a190_mc,success,27.63,5865,4406,1459,0.0,0.0,0.0,T,mc,codestral
b8c4_mc,b8c4d8ea,codestral_a190_mc,success,27.01,5812,4389,1423,0.0,0.0,0.0,T,mc,codestral
2911_mc,29110f90,codestral_a190_mc,success,27.69,5864,4406,1458,0.0,0.0,0.0,T,mc,codestral
a46b_mc,a46b8191,codestral_a190_mc,success,27.6,5864,4406,1458,0.0,0.0,0.0,T,mc,codestral
25ed_mc,25ed62bc,codestral_a190_mc,success,28.0,5894,4416,1478,0.0,0.0,0.0,T,mc,codestral
cdba_mc,cdba3ac0,codestral_a190_mc,success,32.33,6863,5201,1662,0.0,0.0,0.0,T,mc,codestral
c909_mc,c9091374,codestral_a190_mc,failure,32.48,8067,6437,1630,0.0,0.0,0.0,T,mc,codestral
feac_mc,feac97d4,codestral_a190_mc,success,26.9,5810,4406,1404,0.0,0.0,0.0,T,mc,codestral
d74f_mc,d74f32d6,codestral_a190_mc,success,27.11,5824,4396,1428,0.0,0.0,0.0,T,mc,codestral
375e_mc,375e3567,codestral_a190_mc,failure,31.95,8059,6438,1621,0.0,0.0,0.0,T,mc,codestral
16a1_mc,16a13bdd,codestral_a190_mc,success,30.87,7827,6263,1564,0.0,0.0,0.0,T,mc,codestral
fe50_mc,fe50ab21,codestral_a190_mc,failure,28.71,7716,6271,1445,0.0,0.0,0.0,T,mc,codestral
b243_mc,b24303f9,codestral_a190_mc,failure,30.59,7976,6441,1535,0.0,0.0,0.0,T,mc,codestral
2ad4_mc,2ad47fe2,codestral_a190_mc,success,28.04,5870,4396,1474,0.0,0.0,0.0,T,mc,codestral
715c_mc,715c9d09,codestral_a190_mc,success,26.92,5809,4388,1421,0.0,0.0,0.0,T,mc,codestral
6594_mc,6594b766,codestral_a190_mc,success,27.27,5834,4396,1438,0.0,0.0,0.0,T,mc,codestral
2448_mc,2448a66b,codestral_a190_mc,success,27.01,5820,4396,1424,0.0,0.0,0.0,T,mc,codestral
1abb_mc,1abb2890,codestral_a190_mc,success,28.26,5900,4406,1494,0.0,0.0,0.0,T,mc,codestral
b58a_mc,b58a5b96,codestral_a190_mc,success,26.51,5799,4406,1393,0.0,0.0,0.0,T,mc,codestral
8136_dp,81368fba,codestral_a190_dp,success,99.43,22755,17744,5011,0.0,0.0,0.0,T,dp,codestral
d505_dp,d505f5df,codestral_a190_dp,success,80.28,21430,17448,3982,0.0,0.0,0.0,T,dp,codestral
0f32_dp,0f32ffc5,codestral_a190_dp,success,54.74,14435,11654,2781,0.0,0.0,0.0,T,dp,codestral
43e4_dp,43e45cd7,codestral_a190_dp,success,54.37,14161,11381,2780,0.0,0.0,0.0,T,dp,codestral
3b2e_dp,3b2e9eb6,codestral_a190_dp,failure,114.59,28951,23298,5653,0.0,0.0,0.0,T,dp,codestral
eb86_dp,eb866750,codestral_a190_dp,success,89.96,23600,19131,4469,0.0,0.0,0.0,T,dp,codestral
af2f_dp,af2f366a,codestral_a190_dp,success,82.73,19935,15756,4179,0.0,0.0,0.0,T,dp,codestral
deab_dp,deab84ad,codestral_a190_dp,failure,120.87,29338,23336,6002,0.0,0.0,0.0,T,dp,codestral
7d33_dp,7d3393e1,codestral_a190_dp,success,91.41,22397,17816,4581,0.0,0.0,0.0,T,dp,codestral
7ffd_dp,7ffdf3db,codestral_a190_dp,failure,93.05,27264,22836,4428,0.0,0.0,0.0,T,dp,codestral
0123_dp,01239cc8,codestral_a190_dp,success,66.66,16783,13387,3396,0.0,0.0,0.0,T,dp,codestral
445a_dp,445a8361,codestral_a190_dp,success,64.64,16606,13340,3266,0.0,0.0,0.0,T,dp,codestral
3f17_dp,3f17af47,codestral_a190_dp,success,70.06,14948,11295,3653,0.0,0.0,0.0,T,dp,codestral
8e36_dp,8e36801d,codestral_a190_dp,success,68.03,14838,11295,3543,0.0,0.0,0.0,T,dp,codestral
412c_dp,412cc322,codestral_a190_dp,failure,118.0,29022,23159,5863,0.0,0.0,0.0,T,dp,codestral
cd36_dp,cd3675da,codestral_a190_dp,success,77.31,17644,13705,3939,0.0,0.0,0.0,T,dp,codestral
8432_dp,8432f3f6,codestral_a190_dp,failure,102.23,27324,22342,4982,0.0,0.0,0.0,T,dp,codestral
78f5_dp,78f539fb,codestral_a190_dp,failure,107.35,28666,23440,5226,0.0,0.0,0.0,T,dp,codestral
4eec_dp,4eec97dc,codestral_a190_dp,success,55.57,14489,11659,2830,0.0,0.0,0.0,T,dp,codestral
3df7_dp,3df700af,codestral_a190_dp,failure,132.89,30187,23517,6670,0.0,0.0,0.0,T,dp,codestral
e75b_dp,e75bb178,codestral_a190_dp,failure,98.06,26094,21332,4762,0.0,0.0,0.0,T,dp,codestral
506b_dp,506b22f2,codestral_a190_dp,failure,81.46,22394,18439,3955,0.0,0.0,0.0,T,dp,codestral
b90a_dp,b90af3b9,codestral_a190_dp,failure,77.07,18163,14289,3874,0.0,0.0,0.0,T,dp,codestral
1c60_dp,1c60b854,codestral_a190_dp,success,54.74,14435,11654,2781,0.0,0.0,0.0,T,dp,codestral
87e9_dp,87e9da22,codestral_a190_dp,success,54.54,14169,11375,2794,0.0,0.0,0.0,T,dp,codestral
8186_dp,8186b640,codestral_a190_dp,success,54.22,14165,11388,2777,0.0,0.0,0.0,T,dp,codestral
d94e_dp,d94e5635,codestral_a190_dp,failure,108.52,24947,19487,5460,0.0,0.0,0.0,T,dp,codestral
d48c_dp,d48c159f,codestral_a190_dp,failure,82.92,18460,14261,4199,0.0,0.0,0.0,T,dp,codestral
c5f8_dp,c5f80212,codestral_a190_dp,success,59.0,14695,11678,3017,0.0,0.0,0.0,T,dp,codestral
c302_dp,c3022b23,codestral_a190_dp,success,54.14,14165,11388,2777,0.0,0.0,0.0,T,dp,codestral
3c44_dp,3c44aca5,qwen2.5-coder:14b1bb2_dp,success,138.04,27965,22220,5745,0.0,0.0,0.0,F,dp,qwen14
fcf9_dp,fcf94d3b,qwen2.5-coder:14b1bb2_dp,success,41.48,14108,11698,2410,0.0,0.0,0.0,F,dp,qwen14
cc4a_dp,cc4a6501,qwen2.5-coder:14b1bb2_dp,success,40.39,12479,10098,2381,0.0,0.0,0.0,F,dp,qwen14
6a3e_dp,6a3e41df,qwen2.5-coder:14b1bb2_dp,failure,48.02,16554,13843,2711,0.0,0.0,0.0,F,dp,qwen14
9cdb_dp,9cdbc1e8,qwen2.5-coder:14b1bb2_dp,failure,40.66,16451,14157,2294,0.0,0.0,0.0,F,dp,qwen14
1f91_dp,1f917c06,qwen2.5-coder:14b1bb2_dp,failure,32.36,14004,12187,1817,0.0,0.0,0.0,F,dp,qwen14
a978_dp,a978ef92,qwen2.5-coder:14b1bb2_dp,failure,46.62,16562,13942,2620,0.0,0.0,0.0,F,dp,qwen14
8126_dp,81265a69,qwen2.5-coder:14b1bb2_dp,failure,48.79,16846,14012,2834,0.0,0.0,0.0,F,dp,qwen14
0e9d_dp,0e9d6e51,qwen2.5-coder:14b1bb2_dp,failure,75.37,26533,22244,4289,0.0,0.0,0.0,F,dp,qwen14
84db_dp,84db0954,qwen2.5-coder:14b1bb2_dp,failure,70.65,22320,18284,4036,0.0,0.0,0.0,F,dp,qwen14
4dbe_dp,4dbef5de,qwen2.5-coder:14b1bb2_dp,failure,71.22,20967,16868,4099,0.0,0.0,0.0,F,dp,qwen14
3a0e_dp,3a0ee165,qwen2.5-coder:14b1bb2_dp,success,39.38,13751,11472,2279,0.0,0.0,0.0,F,dp,qwen14
fcab_dp,fcab4afe,qwen2.5-coder:14b1bb2_dp,failure,45.39,14780,12169,2611,0.0,0.0,0.0,F,dp,qwen14
bc9e_dp,bc9e890b,qwen2.5-coder:14b1bb2_dp,failure,26.02,12234,10800,1434,0.0,0.0,0.0,F,dp,qwen14
ff60_dp,ff609449,qwen2.5-coder:14b1bb2_dp,failure,51.9,17979,15049,2930,0.0,0.0,0.0,F,dp,qwen14
710f_dp,710f0e20,qwen2.5-coder:14b1bb2_dp,failure,46.58,14668,11983,2685,0.0,0.0,0.0,F,dp,qwen14
1425_dp,1425de2a,qwen2.5-coder:14b1bb2_dp,failure,62.78,22361,18796,3565,0.0,0.0,0.0,F,dp,qwen14
c0ff_dp,c0ff47fa,qwen2.5-coder:14b1bb2_dp,failure,62.99,21269,17688,3581,0.0,0.0,0.0,F,dp,qwen14
d8b2_dp,d8b2f09b,qwen2.5-coder:14b1bb2_dp,failure,35.36,12076,10068,2008,0.0,0.0,0.0,F,dp,qwen14
ee62_dp,ee62a0dc,qwen2.5-coder:14b1bb2_dp,failure,89.56,23560,18341,5219,0.0,0.0,0.0,F,dp,qwen14
6e2a_dp,6e2a6a17,qwen2.5-coder:14b1bb2_dp,failure,74.93,22195,17873,4322,0.0,0.0,0.0,F,dp,qwen14
8e14_dp,8e1460a3,qwen2.5-coder:14b1bb2_dp,success,37.22,12296,10123,2173,0.0,0.0,0.0,F,dp,qwen14
f439_dp,f4395734,qwen2.5-coder:14b1bb2_dp,failure,55.53,18570,15467,3103,0.0,0.0,0.0,F,dp,qwen14
8fca_dp,8fcab72e,qwen2.5-coder:14b1bb2_dp,success,41.88,12608,10170,2438,0.0,0.0,0.0,F,dp,qwen14
0ea4_dp,0ea4d802,qwen2.5-coder:14b1bb2_dp,success,36.6,12387,10256,2131,0.0,0.0,0.0,F,dp,qwen14
df24_dp,df24f1c9,qwen2.5-coder:14b1bb2_dp,failure,51.88,17230,14214,3016,0.0,0.0,0.0,F,dp,qwen14
04f9_dp,04f951d4,qwen2.5-coder:14b1bb2_dp,success,45.64,13015,10313,2702,0.0,0.0,0.0,F,dp,qwen14
2cec_dp,2cecf5a5,qwen2.5-coder:14b1bb2_dp,success,41.61,12633,10181,2452,0.0,0.0,0.0,F,dp,qwen14
c18a_dp,c18a8812,qwen2.5-coder:14b1bb2_dp,failure,29.39,13759,12125,1634,0.0,0.0,0.0,F,dp,qwen14
8684_dp,86844871,qwen2.5-coder:14b1bb2_dp,failure,45.49,15726,13114,2612,0.0,0.0,0.0,F,dp,qwen14
2005_mc,20054660,qwen2.5-coder:14b1bb2_mc,failure,34.24,9488,7545,1943,0.0,0.0,0.0,F,mc,qwen14
a475_mc,a475e0b8,qwen2.5-coder:14b1bb2_mc,failure,28.26,8820,7239,1581,0.0,0.0,0.0,F,mc,qwen14
92e8_mc,92e8e063,qwen2.5-coder:14b1bb2_mc,success,8.71,2946,2455,491,0.0,0.0,0.0,F,mc,qwen14
cbf4_mc,cbf48a24,qwen2.5-coder:14b1bb2_mc,failure,25.61,8249,6819,1430,0.0,0.0,0.0,F,mc,qwen14
3f24_mc,3f24c0e4,qwen2.5-coder:14b1bb2_mc,success,25.49,7494,6056,1438,0.0,0.0,0.0,F,mc,qwen14
90d6_mc,90d65079,qwen2.5-coder:14b1bb2_mc,success,7.23,2846,2455,391,0.0,0.0,0.0,F,mc,qwen14
2918_mc,2918a434,qwen2.5-coder:14b1bb2_mc,success,27.73,6377,4746,1631,0.0,0.0,0.0,F,mc,qwen14
2684_mc,2684775e,qwen2.5-coder:14b1bb2_mc,failure,31.59,8077,6251,1826,0.0,0.0,0.0,F,mc,qwen14
4fa9_mc,4fa9be9e,qwen2.5-coder:14b1bb2_mc,failure,31.08,8093,6302,1791,0.0,0.0,0.0,F,mc,qwen14
967c_mc,967c5373,qwen2.5-coder:14b1bb2_mc,success,27.51,6830,5225,1605,0.0,0.0,0.0,F,mc,qwen14
96d8_mc,96d8654c,qwen2.5-coder:14b1bb2_mc,success,10.18,2534,1942,592,0.0,0.0,0.0,F,mc,qwen14
d897_mc,d89776b8,qwen2.5-coder:14b1bb2_mc,success,36.77,8269,6591,1678,0.0,0.0,0.0,F,mc,qwen14
7ecf_mc,7ecfc4fd,qwen2.5-coder:14b1bb2_mc,failure,21.68,7839,6635,1204,0.0,0.0,0.0,F,mc,qwen14
6101_mc,610100aa,qwen2.5-coder:14b1bb2_mc,success,8.84,2948,2455,493,0.0,0.0,0.0,F,mc,qwen14
06f4_mc,06f4aaa1,qwen2.5-coder:14b1bb2_mc,failure,29.09,9078,7442,1636,0.0,0.0,0.0,F,mc,qwen14
9ebb_mc,9ebb52c7,qwen2.5-coder:14b1bb2_mc,failure,33.89,8503,6526,1977,0.0,0.0,0.0,F,mc,qwen14
f12a_mc,f12a8549,qwen2.5-coder:14b1bb2_mc,success,17.21,4603,3620,983,0.0,0.0,0.0,F,mc,qwen14
aef2_mc,aef253f3,qwen2.5-coder:14b1bb2_mc,failure,29.53,8599,6927,1672,0.0,0.0,0.0,F,mc,qwen14
e9e1_mc,e9e1a476,qwen2.5-coder:14b1bb2_mc,success,9.09,2956,2455,501,0.0,0.0,0.0,F,mc,qwen14
493a_mc,493a6185,qwen2.5-coder:14b1bb2_mc,success,11.18,3090,2455,635,0.0,0.0,0.0,F,mc,qwen14
4fb7_mc,4fb717e0,qwen2.5-coder:14b1bb2_mc,success,19.78,3625,2455,1170,0.0,0.0,0.0,F,mc,qwen14
5964_mc,59644a2a,qwen2.5-coder:14b1bb2_mc,success,15.02,4877,4038,839,0.0,0.0,0.0,F,mc,qwen14
59e6_mc,59e66f30,qwen2.5-coder:14b1bb2_mc,failure,27.56,8241,6669,1572,0.0,0.0,0.0,F,mc,qwen14
c62e_mc,c62e38ba,qwen2.5-coder:14b1bb2_mc,failure,25.37,5425,3823,1602,0.0,0.0,0.0,F,mc,qwen14
329c_mc,329c0a80,qwen2.5-coder:14b1bb2_mc,success,10.68,2656,2025,631,0.0,0.0,0.0,F,mc,qwen14
abb8_mc,abb883ad,qwen2.5-coder:14b1bb2_mc,success,8.29,2919,2455,464,0.0,0.0,0.0,F,mc,qwen14
b42c_mc,b42c158a,qwen2.5-coder:14b1bb2_mc,success,31.79,8468,6645,1823,0.0,0.0,0.0,F,mc,qwen14
9620_mc,9620199e,qwen2.5-coder:14b1bb2_mc,failure,34.97,8309,6251,2058,0.0,0.0,0.0,F,mc,qwen14
e695_mc,e695f14d,qwen2.5-coder:14b1bb2_mc,success,7.94,2420,1959,461,0.0,0.0,0.0,F,mc,qwen14
f056_mc,f05600aa,qwen2.5-coder:14b1bb2_mc,failure,28.56,8625,6998,1627,0.0,0.0,0.0,F,mc,qwen14
7f4f_sg,7f4f4cd8,qwen2.5-coder:14bb154_sg,failure,148.85,17353,11407,5946,0.0,0.0,0.0,F,sg,qwen14
6826_sg,6826f7b4,qwen2.5-coder:14bb154_sg,failure,98.23,17032,11378,5654,0.0,0.0,0.0,F,sg,qwen14
ef97_sg,ef978a23,qwen2.5-coder:14bb154_sg,failure,119.19,17988,11413,6575,0.0,0.0,0.0,F,sg,qwen14
3dba_sg,3dba8847,qwen2.5-coder:14bb154_sg,failure,125.19,17499,11392,6107,0.0,0.0,0.0,F,sg,qwen14
c75b_sg,c75b602f,qwen2.5-coder:14bb154_sg,failure,102.85,16993,11389,5604,0.0,0.0,0.0,F,sg,qwen14
9ed7_sg,9ed7bcdc,qwen2.5-coder:14bb154_sg,failure,109.47,17563,11388,6175,0.0,0.0,0.0,F,sg,qwen14
fefc_sg,fefc7f6e,qwen2.5-coder:14bb154_sg,failure,99.97,16894,11398,5496,0.0,0.0,0.0,F,sg,qwen14
b862_sg,b8627466,qwen2.5-coder:14bb154_sg,failure,117.33,17823,11411,6412,0.0,0.0,0.0,F,sg,qwen14
eb8a_sg,eb8aaccc,qwen2.5-coder:14bb154_sg,failure,115.78,17820,11416,6404,0.0,0.0,0.0,F,sg,qwen14
97e7_sg,97e7d109,qwen2.5-coder:14bb154_sg,failure,104.81,16910,11411,5499,0.0,0.0,0.0,F,sg,qwen14
f680_sg,f6802dfa,qwen2.5-coder:14bb154_sg,failure,121.25,18194,11417,6777,0.0,0.0,0.0,F,sg,qwen14
c10a_sg,c10a3813,qwen2.5-coder:14bb154_sg,failure,120.39,17243,11411,5832,0.0,0.0,0.0,F,sg,qwen14
6542_sg,6542c997,qwen2.5-coder:14bb154_sg,failure,130.71,18556,11415,7141,0.0,0.0,0.0,F,sg,qwen14
88f9_sg,88f9bcca,qwen2.5-coder:14bb154_sg,failure,106.11,17229,11413,5816,0.0,0.0,0.0,F,sg,qwen14
f4e4_sg,f4e4c56c,qwen2.5-coder:14bb154_sg,failure,122.87,17834,11389,6445,0.0,0.0,0.0,F,sg,qwen14
35fe_sg,35fe18e6,qwen2.5-coder:14bb154_sg,failure,88.49,16050,11411,4639,0.0,0.0,0.0,F,sg,qwen14
7d5b_sg,7d5b64d5,qwen2.5-coder:14bb154_sg,failure,108.42,16982,11413,5569,0.0,0.0,0.0,F,sg,qwen14
ccf0_sg,ccf0f64c,qwen2.5-coder:14bb154_sg,failure,100.86,17175,11413,5762,0.0,0.0,0.0,F,sg,qwen14
d645_sg,d6456c4e,qwen2.5-coder:14bb154_sg,failure,112.6,17439,11388,6051,0.0,0.0,0.0,F,sg,qwen14
d277_sg,d27797eb,qwen2.5-coder:14bb154_sg,failure,122.92,17210,11414,5796,0.0,0.0,0.0,F,sg,qwen14
0e1c_sg,0e1cd24b,qwen2.5-coder:14bb154_sg,failure,122.72,18522,11395,7127,0.0,0.0,0.0,F,sg,qwen14
975d_sg,975dc967,qwen2.5-coder:14bb154_sg,failure,132.83,17844,11351,6493,0.0,0.0,0.0,F,sg,qwen14
4ea9_sg,4ea9a4ea,qwen2.5-coder:14bb154_sg,failure,105.7,17506,11376,6130,0.0,0.0,0.0,F,sg,qwen14
c8ad_sg,c8adfaee,qwen2.5-coder:14bb154_sg,failure,109.7,17071,11389,5682,0.0,0.0,0.0,F,sg,qwen14
67d3_sg,67d3c1f6,qwen2.5-coder:14bb154_sg,failure,117.06,17972,11378,6594,0.0,0.0,0.0,F,sg,qwen14
ba69_sg,ba6939ce,qwen2.5-coder:14bda7d_sg,failure,299.85,18333,11413,6920,0.0,0.0,0.0,F,sg,qwen14
3b3e_sg,3b3ec5b7,qwen2.5-coder:14bda7d_sg,failure,107.82,16701,11413,5288,0.0,0.0,0.0,F,sg,qwen14
3264_sg,32641341,qwen2.5-coder:14bda7d_sg,failure,133.47,17790,11388,6402,0.0,0.0,0.0,F,sg,qwen14
c135_sg,c135e8a6,qwen2.5-coder:14bda7d_sg,failure,117.8,17603,11388,6215,0.0,0.0,0.0,F,sg,qwen14
f507_sg,f507d0dc,qwen2.5-coder:14bda7d_sg,failure,117.04,17441,11412,6029,0.0,0.0,0.0,F,sg,qwen14
9cbd_sg,9cbdb6b3,gpt-4o-mimi_358e_sg,failure,76.23,22571,19100,3471,0.004947599998,0.0,0.0,F,sg,gpt-4o
9e93_sg,9e93aa40,gpt-4o-mimi_358e_sg,failure,65.11,25940,22942,2998,0.005163299998,0.0,0.0,F,sg,gpt-4o
1ec2_sg,1ec2c3d3,gpt-4o-mimi_358e_sg,failure,87.72,23580,20625,2955,0.004789949998,0.0,0.0,F,sg,gpt-4o
0090_sg,0090c547,gpt-4o-mimi_358e_sg,failure,74.47,22184,19146,3038,0.0046178,0.0,0.0,F,sg,gpt-4o
ea38_sg,ea38c361,gpt-4o-mimi_358e_sg,failure,72.66,17184,13987,3197,0.00393945,0.0,0.0,F,sg,gpt-4o
3326_sg,33262a18,gpt-4o-mimi_358e_sg,failure,88.94,21971,19024,2947,0.00454407,0.0,0.0,F,sg,gpt-4o
3711_sg,3711d1aa,gpt-4o-mimi_358e_sg,failure,48.97,22114,19177,2937,0.004561949997,0.0,0.0,F,sg,gpt-4o
734b_sg,734b923e,gpt-4o-mimi_358e_sg,failure,54.46,21719,18866,2853,0.0045417,0.0,0.0,F,sg,gpt-4o
1bba_sg,1bba852a,gpt-4o-mimi_358e_sg,failure,52.13,24759,21515,3244,0.005096849998,0.0,0.0,F,sg,gpt-4o
c32c_sg,c32c995d,gpt-4o-mimi_358e_sg,failure,31.09,14266,11800,2466,0.003249599998,0.0,0.0,F,sg,gpt-4o
a95f_dp,a95faba9,gpt-4o-mimi_358e_dp,success,46.3,14240,12063,2177,0.003115649996,0.0,0.0,F,dp,gpt-4o
87f4_dp,87f4011d,gpt-4o-mimi_358e_dp,failure,50.36,18129,15841,2288,0.003748949997,0.0,0.0,F,dp,gpt-4o
66c3_dp,66c39760,gpt-4o-mimi_358e_dp,success,41.87,11906,10229,1677,0.002540549998,0.0,0.0,F,dp,gpt-4o
28aa_dp,28aa310e,gpt-4o-mimi_358e_dp,success,42.45,12099,10258,1841,0.002566499997,0.0,0.0,F,dp,gpt-4o
1dde_dp,1dde1b9c,gpt-4o-mimi_358e_dp,failure,79.72,20403,17002,3401,0.004590899995,0.0,0.0,F,dp,gpt-4o
4002_dp,4002186d,gpt-4o-mimi_358e_dp,failure,68.32,18083,15140,2943,0.004036799995,0.0,0.0,F,dp,gpt-4o
381e_dp,381ec8f0,gpt-4o-mimi_358e_dp,success,70.93,19544,16739,2805,0.004193849999,0.0,0.0,F,dp,gpt-4o
fb6a_dp,fb6ae706,gpt-4o-mimi_358e_dp,success,50.62,14785,12516,2269,0.003238799997,0.0,0.0,F,dp,gpt-4o
91c1_dp,91c1d0a9,gpt-4o-mimi_358e_dp,success,39.78,12094,10232,1862,0.00265109,0.0,0.0,F,dp,gpt-4o
bef8_dp,bef8ce81,gpt-4o-mimi_358e_dp,success,38.62,11884,10147,1737,0.00256425,0.0,0.0,F,dp,gpt-4o
4186_mc,4186eb61,gpt-4o-mimi_358e_mc,success,7.99,3448,3055,393,0.000694049999,0.0,0.0,F,mc,gpt-4o
3012_mc,3012b42d,gpt-4o-mimi_358e_mc,success,9.65,1680,1193,487,0.000471149999,0.0,0.0,F,mc,gpt-4o
caab_mc,caabba17,gpt-4o-mimi_358e_mc,success,4.42,595,410,185,0.0001725,0.0,0.0,F,mc,gpt-4o
919c_mc,919c7562,gpt-4o-mimi_358e_mc,success,14.26,3425,2974,451,0.0007167,0.0,0.0,F,mc,gpt-4o
3f46_mc,3f46c9e4,gpt-4o-mimi_358e_mc,failure,23.15,7290,6093,1197,0.001632149999,0.0,0.0,F,mc,gpt-4o
cdb8_mc,cdb834fd,gpt-4o-mimi_358e_mc,success,8.51,3454,2983,471,0.00073005,0.0,0.0,F,mc,gpt-4o
4caf_mc,4cafb5bb,gpt-4o-mimi_358e_mc,success,9.11,4248,3747,501,0.000862649999,0.0,0.0,F,mc,gpt-4o
e105_mc,e10549a8,gpt-4o-mimi_358e_mc,success,5.84,646,410,236,0.0002031,0.0,0.0,F,mc,gpt-4o
9f9a_mc,9f9a39c7,gpt-4o-mimi_358e_mc,success,4.54,624,410,214,0.0001899,0.0,0.0,F,mc,gpt-4o
544a_mc,544ab789,gpt-4o-mimi_358e_mc,success,9.99,3372,2949,423,0.000696149999,0.0,0.0,F,mc,gpt-4o
8a7c_dp,8a7ca691,qwen2.5-coder:32b_7cb7_dp,success,125.37,16475,13669,2806,0.0,0.0,0.0,F,dp,qwen32
1707_dp,17071824,qwen2.5-coder:32b_7cb7_dp,success,124.9,14748,11864,2884,0.0,0.0,0.0,F,dp,qwen32
cd2b_dp,cd2b1cf6,qwen2.5-coder:32b_7cb7_dp,success,105.78,13922,11521,2401,0.0,0.0,0.0,F,dp,qwen32
9cdc_dp,9cdc5906,qwen2.5-coder:32b_7cb7_dp,success,108.51,13897,11429,2468,0.0,0.0,0.0,F,dp,qwen32
a498_dp,a498655d,qwen2.5-coder:32b_7cb7_dp,success,115.17,15659,13085,2574,0.0,0.0,0.0,F,dp,qwen32
a2e9_dp,a2e9dbe3,qwen2.5-coder:32b_7cb7_dp,success,109.02,13944,11463,2481,0.0,0.0,0.0,F,dp,qwen32
db40_dp,db403f8d,qwen2.5-coder:32b_7cb7_dp,success,91.4,13480,11447,2033,0.0,0.0,0.0,F,dp,qwen32
18ea_dp,18ea30f7,qwen2.5-coder:32b_7cb7_dp,success,116.89,14251,11568,2683,0.0,0.0,0.0,F,dp,qwen32
37e7_dp,37e7794e,qwen2.5-coder:32b_7cb7_dp,success,122.25,14659,11848,2811,0.0,0.0,0.0,F,dp,qwen32
6e87_dp,6e87bac5,qwen2.5-coder:32b_7cb7_dp,success,108.64,14116,11640,2476,0.0,0.0,0.0,F,dp,qwen32
b719_dp,b71951b5,qwen2.5-coder:32b_7cb7_dp,success,112.92,15788,13269,2519,0.0,0.0,0.0,F,dp,qwen32
18ed_dp,18ed39d7,qwen2.5-coder:32b_7cb7_dp,success,103.54,15659,13414,2245,0.0,0.0,0.0,F,dp,qwen32
61a0_dp,61a0eb6d,qwen2.5-coder:32b_7cb7_dp,failure,146.91,18722,15465,3257,0.0,0.0,0.0,F,dp,qwen32
1e1e_dp,1e1e6300,qwen2.5-coder:32b_7cb7_dp,failure,160.72,21668,18167,3501,0.0,0.0,0.0,F,dp,qwen32
5e9e_dp,5e9ea1dd,qwen2.5-coder:32b_7cb7_dp,failure,121.59,18803,16205,2598,0.0,0.0,0.0,F,dp,qwen32
db43_dp,db43c167,qwen2.5-coder:32b_7cb7_dp,success,120.07,16048,13367,2681,0.0,0.0,0.0,F,dp,qwen32
3159_dp,31590626,qwen2.5-coder:32b_7cb7_dp,failure,130.98,16165,13248,2917,0.0,0.0,0.0,F,dp,qwen32
fb53_dp,fb532d63,qwen2.5-coder:32b_7cb7_dp,failure,97.34,16319,14278,2041,0.0,0.0,0.0,F,dp,qwen32
e1c2_dp,e1c2fcca,qwen2.5-coder:32b_7cb7_dp,success,94.71,13432,11315,2117,0.0,0.0,0.0,F,dp,qwen32
9697_dp,9697537e,qwen2.5-coder:32b_7cb7_dp,success,210.98,25744,20981,4763,0.0,0.0,0.0,F,dp,qwen32
9ac9_dp,9ac91512,qwen2.5-coder:32b_7cb7_dp,success,113.46,14042,11470,2572,0.0,0.0,0.0,F,dp,qwen32
114d_dp,114d7a3d,qwen2.5-coder:32b_7cb7_dp,success,112.47,14138,11565,2573,0.0,0.0,0.0,F,dp,qwen32
3641_dp,36412f01,qwen2.5-coder:32b_7cb7_dp,failure,121.07,16117,13480,2637,0.0,0.0,0.0,F,dp,qwen32
a2df_dp,a2dfa2cb,qwen2.5-coder:32b_7cb7_dp,success,92.37,13761,11712,2049,0.0,0.0,0.0,F,dp,qwen32
2ceb_dp,2cebda6c,qwen2.5-coder:32b_7cb7_dp,success,98.51,13799,11579,2220,0.0,0.0,0.0,F,dp,qwen32
3f39_dp,3f394190,qwen2.5-coder:32b_7cb7_dp,success,102.58,13880,11557,2323,0.0,0.0,0.0,F,dp,qwen32
9507_dp,9507034c,qwen2.5-coder:32b_7cb7_dp,success,106.75,14165,11752,2413,0.0,0.0,0.0,F,dp,qwen32
f0ad_dp,f0ad5265,qwen2.5-coder:32b_7cb7_dp,success,186.73,23533,19393,4140,0.0,0.0,0.0,F,dp,qwen32
0f62_dp,0f624f51,qwen2.5-coder:32b_7cb7_dp,failure,165.4,19885,16178,3707,0.0,0.0,0.0,F,dp,qwen32
c7a1_dp,c7a1365b,qwen2.5-coder:32b_7cb7_dp,failure,176.81,20748,16799,3949,0.0,0.0,0.0,F,dp,qwen32
4e99_mc,4e99b483,qwen2.5-coder:32b_7cb7_mc,success,54.16,3030,2291,739,0.0,0.0,0.0,F,mc,qwen32
5e01_mc,5e01f79c,qwen2.5-coder:32b_7cb7_mc,success,13.08,759,432,327,0.0,0.0,0.0,F,mc,qwen32
1c40_mc,1c40dd3e,qwen2.5-coder:32b_7cb7_mc,failure,100.76,9769,7434,2335,0.0,0.0,0.0,F,mc,qwen32
6bd6_mc,6bd6c539,qwen2.5-coder:32b_7cb7_mc,success,54.47,6701,5493,1208,0.0,0.0,0.0,F,mc,qwen32
f0bd_mc,f0bdd67b,qwen2.5-coder:32b_7cb7_mc,success,49.67,5276,4161,1115,0.0,0.0,0.0,F,mc,qwen32
23e1_mc,23e13c14,qwen2.5-coder:32b_7cb7_mc,success,93.93,9829,7735,2094,0.0,0.0,0.0,F,mc,qwen32
37c8_mc,37c8f786,qwen2.5-coder:32b_7cb7_mc,success,14.5,797,432,365,0.0,0.0,0.0,F,mc,qwen32
f33c_mc,f33c7691,qwen2.5-coder:32b_7cb7_mc,success,63.63,7049,5645,1404,0.0,0.0,0.0,F,mc,qwen32
b43e_mc,b43e84dc,qwen2.5-coder:32b_7cb7_mc,success,12.7,751,432,319,0.0,0.0,0.0,F,mc,qwen32
0d3b_mc,0d3b5398,qwen2.5-coder:32b_7cb7_mc,success,59.54,5653,4293,1360,0.0,0.0,0.0,F,mc,qwen32
6134_mc,6134020d,qwen2.5-coder:32b_7cb7_mc,success,66.17,6990,5483,1507,0.0,0.0,0.0,F,mc,qwen32
2981_mc,2981e3f9,qwen2.5-coder:32b_7cb7_mc,success,59.45,7146,5840,1306,0.0,0.0,0.0,F,mc,qwen32
554a_mc,554a8e3d,qwen2.5-coder:32b_7cb7_mc,success,67.88,7206,5678,1528,0.0,0.0,0.0,F,mc,qwen32
eac2_mc,eac29909,qwen2.5-coder:32b_7cb7_mc,success,13.47,773,432,341,0.0,0.0,0.0,F,mc,qwen32
cbb0_mc,cbb0ebee,qwen2.5-coder:32b_7cb7_mc,failure,93.32,9850,7749,2101,0.0,0.0,0.0,F,mc,qwen32
de71_mc,de71e729,qwen2.5-coder:32b_7cb7_mc,success,12.77,751,432,319,0.0,0.0,0.0,F,mc,qwen32
6b9f_mc,6b9f2285,qwen2.5-coder:32b_7cb7_mc,success,64.02,7096,5655,1441,0.0,0.0,0.0,F,mc,qwen32
4679_mc,4679f179,qwen2.5-coder:32b_7cb7_mc,success,53.22,5390,4186,1204,0.0,0.0,0.0,F,mc,qwen32
c965_mc,c9654c0e,qwen2.5-coder:32b_7cb7_mc,success,60.97,6962,5603,1359,0.0,0.0,0.0,F,mc,qwen32
429c_mc,429c195f,qwen2.5-coder:32b_7cb7_mc,success,72.0,7286,5664,1622,0.0,0.0,0.0,F,mc,qwen32
d1e2_mc,d1e279d7,qwen2.5-coder:32b_7cb7_mc,success,68.13,7016,5455,1561,0.0,0.0,0.0,F,mc,qwen32
731f_mc,731f3457,qwen2.5-coder:32b_7cb7_mc,success,64.89,7084,5652,1432,0.0,0.0,0.0,F,mc,qwen32
3998_mc,39980f24,qwen2.5-coder:32b_7cb7_mc,failure,91.16,9719,7684,2035,0.0,0.0,0.0,F,mc,qwen32
6e0b_mc,6e0b728f,qwen2.5-coder:32b_7cb7_mc,success,56.22,6494,5234,1260,0.0,0.0,0.0,F,mc,qwen32
0ab5_mc,0ab55d4c,qwen2.5-coder:32b_7cb7_mc,success,13.8,780,432,348,0.0,0.0,0.0,F,mc,qwen32
00f1_mc,00f1a6e8,qwen2.5-coder:32b_7cb7_mc,failure,75.71,7823,6104,1719,0.0,0.0,0.0,F,mc,qwen32
218f_mc,218f8fc9,qwen2.5-coder:32b_7cb7_mc,success,11.9,730,432,298,0.0,0.0,0.0,F,mc,qwen32
de1b_mc,de1bca1e,qwen2.5-coder:32b_7cb7_mc,failure,95.16,9890,7744,2146,0.0,0.0,0.0,F,mc,qwen32
234a_mc,234aea1d,qwen2.5-coder:32b_7cb7_mc,success,66.53,7137,5650,1487,0.0,0.0,0.0,F,mc,qwen32
ddd7_mc,ddd7470e,qwen2.5-coder:32b_7cb7_mc,success,51.02,6818,5716,1102,0.0,0.0,0.0,F,mc,qwen32
db76_sg,db76d9db,qwen2.5-coder:32b_7cb7_sg,failure,250.67,17447,11502,5945,0.0,0.0,0.0,F,sg,qwen32
4966_sg,4966aadb,qwen2.5-coder:32b_7cb7_sg,failure,257.38,17632,11503,6129,0.0,0.0,0.0,F,sg,qwen32
e8dc_sg,e8dc3dc6,qwen2.5-coder:32b_7cb7_sg,failure,257.28,17603,11503,6100,0.0,0.0,0.0,F,sg,qwen32
91c4_sg,91c41711,qwen2.5-coder:32b_7cb7_sg,failure,257.86,17537,11505,6032,0.0,0.0,0.0,F,sg,qwen32
0687_sg,0687168f,qwen2.5-coder:32b_7cb7_sg,failure,267.76,17860,11497,6363,0.0,0.0,0.0,F,sg,qwen32
94ff_sg,94ff943c,qwen2.5-coder:32b_7cb7_sg,failure,256.08,17613,11496,6117,0.0,0.0,0.0,F,sg,qwen32
b9e8_sg,b9e8039b,qwen2.5-coder:32b_7cb7_sg,failure,259.29,17638,11498,6140,0.0,0.0,0.0,F,sg,qwen32
2f46_sg,2f46179a,qwen2.5-coder:32b_7cb7_sg,failure,250.35,17444,11503,5941,0.0,0.0,0.0,F,sg,qwen32
b170_sg,b1705a70,qwen2.5-coder:32b_7cb7_sg,failure,274.91,18085,11497,6588,0.0,0.0,0.0,F,sg,qwen32
65db_sg,65dbee41,qwen2.5-coder:32b_7cb7_sg,failure,254.1,17536,11510,6026,0.0,0.0,0.0,F,sg,qwen32
034e_sg,034e64b6,qwen2.5-coder:32b_7cb7_sg,failure,252.34,17473,11497,5976,0.0,0.0,0.0,F,sg,qwen32
d1de_sg,d1de4316,qwen2.5-coder:32b_7cb7_sg,failure,243.52,17273,11503,5770,0.0,0.0,0.0,F,sg,qwen32
ade4_sg,ade4d9f6,qwen2.5-coder:32b_7cb7_sg,failure,265.12,17808,11505,6303,0.0,0.0,0.0,F,sg,qwen32
5a5d_sg,5a5db02f,qwen2.5-coder:32b_7cb7_sg,failure,252.24,17488,11495,5993,0.0,0.0,0.0,F,sg,qwen32
9234_sg,9234c25c,qwen2.5-coder:32b_7cb7_sg,failure,258.84,17686,11501,6185,0.0,0.0,0.0,F,sg,qwen32
afa4_sg,afa4b3d5,qwen2.5-coder:32b_7cb7_sg,failure,266.87,17843,11498,6345,0.0,0.0,0.0,F,sg,qwen32
48bc_sg,48bc4396,qwen2.5-coder:32b_7cb7_sg,failure,268.12,17881,11507,6374,0.0,0.0,0.0,F,sg,qwen32
1645_sg,1645e7fe,qwen2.5-coder:32b_7cb7_sg,failure,250.55,17450,11499,5951,0.0,0.0,0.0,F,sg,qwen32
d8f2_sg,d8f20c91,qwen2.5-coder:32b_7cb7_sg,failure,262.85,17772,11496,6276,0.0,0.0,0.0,F,sg,qwen32
13b9_sg,13b97ab6,qwen2.5-coder:32b_7cb7_sg,failure,239.14,17129,11506,5623,0.0,0.0,0.0,F,sg,qwen32
ee21_sg,ee212870,qwen2.5-coder:32b_7cb7_sg,failure,255.58,17564,11496,6068,0.0,0.0,0.0,F,sg,qwen32
02a2_sg,02a25177,qwen2.5-coder:32b_7cb7_sg,failure,261.61,17724,11496,6228,0.0,0.0,0.0,F,sg,qwen32
f931_sg,f9310514,qwen2.5-coder:32b_7cb7_sg,failure,256.79,17594,11503,6091,0.0,0.0,0.0,F,sg,qwen32
ed26_sg,ed265d8b,qwen2.5-coder:32b_7cb7_sg,failure,263.77,17770,11504,6266,0.0,0.0,0.0,F,sg,qwen32
d391_sg,d3919945,qwen2.5-coder:32b_7cb7_sg,failure,242.35,17245,11499,5746,0.0,0.0,0.0,F,sg,qwen32
aacf_sg,aacf9e99,qwen2.5-coder:32b_7cb7_sg,failure,249.62,17395,11503,5892,0.0,0.0,0.0,F,sg,qwen32
a468_sg,a468b819,qwen2.5-coder:32b_7cb7_sg,failure,252.79,17518,11513,6005,0.0,0.0,0.0,F,sg,qwen32
0309_sg,0309f2bc,qwen2.5-coder:32b_7cb7_sg,failure,249.88,17444,11498,5946,0.0,0.0,0.0,F,sg,qwen32
e78f_sg,e78fed7a,qwen2.5-coder:32b_7cb7_sg,failure,241.47,17166,11498,5668,0.0,0.0,0.0,F,sg,qwen32
9455_sg,9455bba8,qwen2.5-coder:32b_7cb7_sg,failure,251.84,17459,11497,5962,0.0,0.0,0.0,F,sg,qwen32
